case,size,input_vertices,op,lib,status,median_ms,reps,out_rings,out_vertices,area,area_rel_diff_vs_clipper2,ring_diff_vs_clipper2,boost_validity
ellipse,1k,1000,intersection,clipper2,ok,0.144778,31,1,939,19348609628,0,0,n/a
ellipse,1k,1000,intersection,clipper1,ok,0.180262,31,1,939,19348609697,3.56615e-09,0,n/a
ellipse,1k,1000,intersection,boost,ok,0.07326,31,1,939,19348609697,3.56615e-09,0,valid
ellipse,1k,1000,union,clipper2,ok,0.150767,31,1,1065,24633391896,0,0,n/a
ellipse,1k,1000,union,clipper1,ok,0.188975,31,1,1065,24633392033,5.56156e-09,0,n/a
ellipse,1k,1000,union,boost,ok,0.064768,31,1,1065,24633392033,5.56156e-09,0,valid
ellipse,1k,1000,offset_miter_+100,clipper2,ok,0.107873,31,1,1000,22044871680,0,0,n/a
ellipse,1k,1000,offset_miter_+100,clipper1,ok,0.133381,31,1,1000,22044858511,-5.97372e-07,0,n/a
ellipse,1k,1000,offset_miter_+100,boost,ok,0.653925,31,1,2264,22044498666,-1.69207e-05,0,valid
ellipse,1k,1000,offset_miter_-100,clipper2,ok,0.626634,31,1,1010,21937145842,0,0,n/a
ellipse,1k,1000,offset_miter_-100,clipper1,ok,0.476618,31,1,1076,21937198188,2.38618e-06,0,n/a
ellipse,1k,1000,offset_miter_-100,boost,ok,2.47175,31,1,1376,21936944354,-9.18479e-06,0,valid
ellipse,1k,1000,offset_miter_+5000,clipper2,ok,0.108274,31,1,1000,24760735346,0,0,n/a
ellipse,1k,1000,offset_miter_+5000,clipper1,ok,0.12619,31,1,1000,24760735346,0,0,n/a
ellipse,1k,1000,offset_miter_+5000,boost,ok,0.340553,31,1,1440,24759832547,-3.64609e-05,0,valid
ellipse,1k,1000,offset_miter_-5000,clipper2,ok,2.17403,31,1,998,19378285902,0,0,n/a
ellipse,1k,1000,offset_miter_-5000,clipper1,ok,2.27612,31,1,1120,19378324559,1.99486e-06,0,n/a
ellipse,1k,1000,offset_miter_-5000,boost,ok,1.43886,31,1,482,19377523972,-3.93188e-05,0,valid
ellipse,1k,1000,offset_round_+100,clipper2,ok,0.198319,31,1,1644,22044860488,0,0,n/a
ellipse,1k,1000,offset_round_+100,clipper1,ok,0.19886,31,1,1450,22044856320,-1.89069e-07,0,n/a
ellipse,1k,1000,offset_round_+100,boost,ok,0.543058,31,1,1632,22044498746,-1.64094e-05,0,valid
ellipse,1k,1000,offset_round_-100,clipper2,ok,0.628226,31,1,1010,21937145842,0,0,n/a
ellipse,1k,1000,offset_round_-100,clipper1,ok,0.505451,31,1,1076,21937198188,2.38618e-06,0,n/a
ellipse,1k,1000,offset_round_-100,boost,ok,2.47656,31,1,1376,21936944354,-9.18479e-06,0,valid
ellipse,1k,1000,offset_round_+5000,clipper2,ok,0.216105,31,1,2000,24760736612,0,0,n/a
ellipse,1k,1000,offset_round_+5000,clipper1,ok,0.262385,31,1,2000,24760736612,0,0,n/a
ellipse,1k,1000,offset_round_+5000,boost,ok,0.320252,31,1,960,24759836836,-3.63388e-05,0,valid
ellipse,1k,1000,offset_round_-5000,clipper2,ok,2.18684,31,1,998,19378285902,0,0,n/a
ellipse,1k,1000,offset_round_-5000,clipper1,ok,2.29171,31,1,1120,19378324559,1.99486e-06,0,n/a
ellipse,1k,1000,offset_round_-5000,boost,ok,1.45114,31,1,482,19377523972,-3.93188e-05,0,valid
ellipse,1k,1000,offset_square_+100,clipper2,ok,0.109124,31,1,1000,22044871680,0,0,n/a
ellipse,1k,1000,offset_square_+100,clipper1,ok,0.203747,31,1,1328,22044863997,-3.48516e-07,0,n/a
ellipse,1k,1000,offset_square_+100,boost,unsupported,,,,,,,,
ellipse,1k,1000,offset_square_-100,clipper2,ok,0.62422,31,1,1010,21937145842,0,0,n/a
ellipse,1k,1000,offset_square_-100,clipper1,ok,0.507395,31,1,1076,21937198188,2.38618e-06,0,n/a
ellipse,1k,1000,offset_square_-100,boost,unsupported,,,,,,,,
ellipse,1k,1000,offset_square_+5000,clipper2,ok,0.109274,31,1,1000,24760735346,0,0,n/a
ellipse,1k,1000,offset_square_+5000,clipper1,ok,0.270367,31,1,2000,24760720110,-6.15329e-07,0,n/a
ellipse,1k,1000,offset_square_+5000,boost,unsupported,,,,,,,,
ellipse,1k,1000,offset_square_-5000,clipper2,ok,2.19668,31,1,998,19378285902,0,0,n/a
ellipse,1k,1000,offset_square_-5000,clipper1,ok,2.28269,31,1,1120,19378324559,1.99486e-06,0,n/a
ellipse,1k,1000,offset_square_-5000,boost,unsupported,,,,,,,,
star,1k,1000,intersection,clipper2,ok,9.84393,31,1,2137,15246905044,0,0,n/a
star,1k,1000,intersection,clipper1,ok,6.49875,31,1,2138,15247082906,1.16654e-05,0,n/a
star,1k,1000,intersection,boost,ok,9.2556,31,1,2139,15247074865,1.11381e-05,0,valid
star,1k,1000,union,clipper2,ok,9.91573,31,1,2145,22451479274,0,0,n/a
star,1k,1000,union,clipper1,ok,5.45207,31,1,2145,22451735849,1.1428e-05,0,n/a
star,1k,1000,union,boost,ok,6.29314,31,1,2145,22451777153,1.32677e-05,0,valid
star,1k,1000,offset_miter_+100,clipper2,ok,2.96736,31,1,1500,22518530635,0,0,n/a
star,1k,1000,offset_miter_+100,clipper1,ok,4.21531,31,1,1500,22542115119,0.00104734,0,n/a
star,1k,1000,offset_miter_+100,boost,ok,7.12618,31,1,2000,22535624700,0.000759111,0,valid
star,1k,1000,offset_miter_-100,clipper2,ok,2.92539,31,1,1500,15379836639,0,0,n/a
star,1k,1000,offset_miter_-100,clipper1,ok,4.37064,31,1,1500,15369210000,-0.000690946,0,n/a
star,1k,1000,offset_miter_-100,boost,ok,7.41484,31,1,2000,15374615688,-0.000339467,0,valid
star,1k,1000,offset_miter_+5000,clipper2,ok,6.03318,31,1,3000,34698551679,0,0,n/a
star,1k,1000,offset_miter_+5000,clipper1,ok,9.61038,31,1,3000,34698887979,9.69205e-06,0,n/a
star,1k,1000,offset_miter_+5000,boost,ok,20.9863,31,1,1000,35036871752,0.00975026,0,valid
star,1k,1000,offset_miter_-5000,clipper2,ok,5.33157,31,1,500,9503228453,0,0,n/a
star,1k,1000,offset_miter_-5000,clipper1,ok,8.17209,31,1,500,9503443185,2.25957e-05,0,n/a
star,1k,1000,offset_miter_-5000,boost,ok,33.5496,31,1,1000,9229480128,-0.0288058,0,valid
star,1k,1000,offset_round_+100,clipper2,ok,10.3062,31,1,3000,22539017020,0,0,n/a
star,1k,1000,offset_round_+100,clipper1,ok,6.73889,31,1,2500,22538598252,-1.85797e-05,0,n/a
star,1k,1000,offset_round_+100,boost,ok,7.33455,31,1,3000,22536659428,-0.0001046,0,valid
star,1k,1000,offset_round_-100,clipper2,ok,10.0034,31,1,3000,15371908927,0,0,n/a
star,1k,1000,offset_round_-100,clipper1,ok,6.79202,31,1,2500,15372522690,3.99276e-05,0,n/a
star,1k,1000,offset_round_-100,boost,ok,7.60467,31,1,3000,15373596512,0.000109784,0,valid
star,1k,1000,offset_round_+5000,clipper2,ok,87.8677,18,1,1500,34622353981,0,0,n/a
star,1k,1000,offset_round_+5000,clipper1,ok,38.5513,31,1,1500,34622446506,2.67242e-06,0,n/a
star,1k,1000,offset_round_+5000,boost,ok,27.0856,31,1,1500,34622061660,-8.44311e-06,0,valid
star,1k,1000,offset_round_-5000,clipper2,ok,84.576,18,1,1000,9507008097,0,0,n/a
star,1k,1000,offset_round_-5000,clipper1,ok,46.7026,31,1,1000,9507107883,1.0496e-05,0,n/a
star,1k,1000,offset_round_-5000,boost,ok,44.9957,31,1,1500,9506637202,-3.90128e-05,0,valid
star,1k,1000,offset_square_+100,clipper2,ok,2.97672,31,1,1500,22518530635,0,0,n/a
star,1k,1000,offset_square_+100,clipper1,ok,4.23458,31,1,1500,22542115119,0.00104734,0,n/a
star,1k,1000,offset_square_+100,boost,unsupported,,,,,,,,
star,1k,1000,offset_square_-100,clipper2,ok,2.86245,31,1,1500,15379836639,0,0,n/a
star,1k,1000,offset_square_-100,clipper1,ok,4.34795,31,1,1500,15369210000,-0.000690946,0,n/a
star,1k,1000,offset_square_-100,boost,unsupported,,,,,,,,
star,1k,1000,offset_square_+5000,clipper2,ok,6.01981,31,1,3000,34698551679,0,0,n/a
star,1k,1000,offset_square_+5000,clipper1,ok,9.62368,31,1,3000,34698887979,9.69205e-06,0,n/a
star,1k,1000,offset_square_+5000,boost,unsupported,,,,,,,,
star,1k,1000,offset_square_-5000,clipper2,ok,5.3471,31,1,500,9503228453,0,0,n/a
star,1k,1000,offset_square_-5000,clipper1,ok,8.16682,31,1,500,9503443185,2.25957e-05,0,n/a
star,1k,1000,offset_square_-5000,boost,unsupported,,,,,,,,
comb,1k,1001,intersection,clipper2,ok,4.85299,31,250,1498,749500000,0,0,n/a
comb,1k,1001,intersection,clipper1,ok,5.55945,31,250,1498,749500000,0,0,n/a
comb,1k,1001,intersection,boost,ok,8.56248,31,250,1498,749500000,0,0,valid
comb,1k,1001,union,clipper2,ok,2.80297,31,1,1503,2749500000,0,0,n/a
comb,1k,1001,union,clipper1,ok,3.69777,31,1,1503,2749500000,0,0,n/a
comb,1k,1001,union,boost,ok,7.32405,31,1,1503,2749500000,0,0,valid
comb,1k,1001,offset_miter_+100,clipper2,ok,3.08849,31,1,756,3016500899,0,0,n/a
comb,1k,1001,offset_miter_+100,clipper1,ok,1.89257,31,1,5,3016505051,1.37659e-06,0,n/a
comb,1k,1001,offset_miter_+100,boost,ok,16.8785,31,1,761,3016401508,-3.29489e-05,0,valid
comb,1k,1001,offset_miter_-100,clipper2,ok,3.11476,31,1,748,487570088,0,0,n/a
comb,1k,1001,offset_miter_-100,clipper1,ok,1.79822,31,1,4,487550000,-4.12002e-05,0,n/a
comb,1k,1001,offset_miter_-100,boost,ok,18.1314,31,1,749,487661600,0.00018769,0,valid
comb,1k,1001,offset_miter_+5000,clipper2,ok,4.57214,31,1,9,4176871616,0,0,n/a
comb,1k,1001,offset_miter_+5000,clipper1,ok,21.4525,31,1,5,4194128750,0.00413159,0,n/a
comb,1k,1001,offset_miter_+5000,boost,ok,57144.3,1,1,761,4178700258,0.000437802,0,valid
comb,1k,1001,offset_miter_-5000,clipper2,ok,4.33641,31,0,0,0,0,0,n/a
comb,1k,1001,offset_miter_-5000,clipper1,ok,2.17031,31,0,0,0,0,0,n/a
comb,1k,1001,offset_miter_-5000,boost,ok,58911,1,200,600,90000,90000,200,valid
comb,1k,1001,offset_round_+100,clipper2,ok,3.13885,31,1,760,3016256639,0,0,n/a
comb,1k,1001,offset_round_+100,clipper1,ok,1.79015,31,1,760,3016256659,6.46497e-09,0,n/a
comb,1k,1001,offset_round_+100,boost,ok,16.8047,31,1,761,3016246515,-3.35648e-06,0,valid
comb,1k,1001,offset_round_-100,clipper2,ok,3.13384,31,1,748,487793100,0,0,n/a
comb,1k,1001,offset_round_-100,clipper1,ok,2.32341,31,1,748,487810400,3.54659e-05,0,n/a
comb,1k,1001,offset_round_-100,boost,ok,17.9973,31,1,749,487810400,3.54659e-05,0,valid
comb,1k,1001,offset_round_+5000,clipper2,ok,4.51224,31,1,804,4172313005,0,0,n/a
comb,1k,1001,offset_round_+5000,clipper1,ok,3.0737,31,1,800,4172256674,-1.35011e-05,0,n/a
comb,1k,1001,offset_round_+5000,boost,ok,59437.4,1,1,805,4172284081,-6.93237e-06,0,valid
comb,1k,1001,offset_round_-5000,clipper2,ok,5.60281,31,200,600,10000,0,0,n/a
comb,1k,1001,offset_round_-5000,clipper1,ok,3.76048,31,1,600,40000,3,-199,n/a
comb,1k,1001,offset_round_-5000,boost,ok,59698.7,1,200,600,30000,2,0,valid
comb,1k,1001,offset_square_+100,clipper2,ok,3.07955,31,1,756,3016500899,0,0,n/a
comb,1k,1001,offset_square_+100,clipper1,ok,1.79459,31,1,756,3016500928,9.77954e-09,0,n/a
comb,1k,1001,offset_square_+100,boost,unsupported,,,,,,,,
comb,1k,1001,offset_square_-100,clipper2,ok,3.089,31,1,748,487570088,0,0,n/a
comb,1k,1001,offset_square_-100,clipper1,ok,2.3158,31,1,748,487570088,0,0,n/a
comb,1k,1001,offset_square_-100,boost,unsupported,,,,,,,,
comb,1k,1001,offset_square_+5000,clipper2,ok,4.64192,31,1,9,4176871616,0,0,n/a
comb,1k,1001,offset_square_+5000,clipper1,ok,11.9126,31,1,9,4176871616,0,0,n/a
comb,1k,1001,offset_square_+5000,boost,unsupported,,,,,,,,
comb,1k,1001,offset_square_-5000,clipper2,ok,4.31449,31,0,0,0,0,0,n/a
comb,1k,1001,offset_square_-5000,clipper1,ok,2.81128,31,0,0,0,0,0,n/a
comb,1k,1001,offset_square_-5000,boost,unsupported,,,,,,,,
disc_with_holes,1k,1028,intersection,clipper2,ok,0.350989,31,11,1071,8742840466,0,0,n/a
disc_with_holes,1k,1028,intersection,clipper1,ok,0.35169,31,11,1071,8742765158,-8.61368e-06,0,n/a
disc_with_holes,1k,1028,intersection,boost,ok,0.451741,31,11,1071,8742765173,-8.61202e-06,0,valid
disc_with_holes,1k,1028,union,clipper2,ok,0.359983,31,43,1157,40519180292,0,0,n/a
disc_with_holes,1k,1028,union,clipper1,ok,0.334614,31,43,1157,40519071176,-2.69295e-06,0,n/a
disc_with_holes,1k,1028,union,boost,ok,0.455907,31,43,1157,40519071160,-2.69334e-06,0,valid
disc_with_holes,1k,1028,offset_miter_+100,clipper2,ok,0.608146,31,17,1032,24886168262,0,0,n/a
disc_with_holes,1k,1028,offset_miter_+100,clipper1,ok,0.556619,31,17,1028,24886174912,2.67217e-07,0,n/a
disc_with_holes,1k,1028,offset_miter_+100,boost,ok,2.09237,31,17,1100,24886109024,-2.38036e-06,0,valid
disc_with_holes,1k,1028,offset_miter_-100,clipper2,ok,0.122215,31,17,1028,24374408512,0,0,n/a
disc_with_holes,1k,1028,offset_miter_-100,clipper1,ok,0.136646,31,17,1028,24374408512,0,0,n/a
disc_with_holes,1k,1028,offset_miter_-100,boost,ok,0.765013,31,17,3076,24374652096,9.99343e-06,0,INVALID: Geometry has invalid self-intersections. A self-intersection point was found at (19884; 41840); method: i; operations: u/i; segment IDs {source; multi; ring; segment}: {0; 0; 0; 132}/{0; 0; 0; 134}
disc_with_holes,1k,1028,offset_miter_+5000,clipper2,ok,0.938915,31,17,1032,36248964510,0,0,n/a
disc_with_holes,1k,1028,offset_miter_+5000,clipper1,ok,0.784242,31,17,1028,36266441216,0.00048213,0,n/a
disc_with_holes,1k,1028,offset_miter_+5000,boost,ok,2.78708,31,17,1036,36250757616,4.94664e-05,0,valid
disc_with_holes,1k,1028,offset_miter_-5000,clipper2,ok,0.121823,31,9,916,11232179868,0,0,n/a
disc_with_holes,1k,1028,offset_miter_-5000,clipper1,ok,0.146501,31,9,916,11232179264,-5.37741e-08,0,n/a
disc_with_holes,1k,1028,offset_miter_-5000,boost,ok,0.804483,31,9,2676,11232372736,1.7171e-05,0,valid
disc_with_holes,1k,1028,offset_round_+100,clipper2,ok,0.614286,31,17,1036,24886163224,0,0,n/a
disc_with_holes,1k,1028,offset_round_+100,clipper1,ok,0.559473,31,17,1036,24886162912,-1.25371e-08,0,n/a
disc_with_holes,1k,1028,offset_round_+100,boost,ok,2.11372,31,17,1100,24886103424,-2.40294e-06,0,valid
disc_with_holes,1k,1028,offset_round_-100,clipper2,ok,0.250417,31,17,2052,24374592416,0,0,n/a
disc_with_holes,1k,1028,offset_round_-100,clipper1,ok,0.284669,31,17,2052,24374592416,0,0,n/a
disc_with_holes,1k,1028,offset_round_-100,boost,ok,0.660085,31,17,2052,24374653456,2.50425e-06,0,valid
disc_with_holes,1k,1028,offset_round_+5000,clipper2,ok,0.946076,31,17,1080,36244455672,0,0,n/a
disc_with_holes,1k,1028,offset_round_+5000,clipper1,ok,0.787627,31,17,1076,36244744690,7.97413e-06,0,n/a
disc_with_holes,1k,1028,offset_round_+5000,boost,ok,2.81437,31,17,1080,36244247990,-5.73004e-06,0,valid
disc_with_holes,1k,1028,offset_round_-5000,clipper2,ok,0.242515,31,9,1796,11234592024,0,0,n/a
disc_with_holes,1k,1028,offset_round_-5000,clipper1,ok,0.282997,31,9,1796,11234591840,-1.6378e-08,0,n/a
disc_with_holes,1k,1028,offset_round_-5000,boost,ok,0.768509,31,9,1796,11234964304,3.31369e-05,0,valid
disc_with_holes,1k,1028,offset_square_+100,clipper2,ok,0.605863,31,17,1032,24886168262,0,0,n/a
disc_with_holes,1k,1028,offset_square_+100,clipper1,ok,0.576399,31,17,1032,24886167950,-1.25371e-08,0,n/a
disc_with_holes,1k,1028,offset_square_+100,boost,unsupported,,,,,,,,
disc_with_holes,1k,1028,offset_square_-100,clipper2,ok,0.243257,31,17,2052,24374477728,0,0,n/a
disc_with_holes,1k,1028,offset_square_-100,clipper1,ok,0.295896,31,17,2052,24374477728,0,0,n/a
disc_with_holes,1k,1028,offset_square_-100,boost,unsupported,,,,,,,,
disc_with_holes,1k,1028,offset_square_+5000,clipper2,ok,0.944814,31,17,1032,36248964510,0,0,n/a
disc_with_holes,1k,1028,offset_square_+5000,clipper1,ok,0.779815,31,17,1032,36249283134,8.78988e-06,0,n/a
disc_with_holes,1k,1028,offset_square_+5000,boost,unsupported,,,,,,,,
disc_with_holes,1k,1028,offset_square_-5000,clipper2,ok,0.238199,31,9,1796,11232755276,0,0,n/a
disc_with_holes,1k,1028,offset_square_-5000,clipper1,ok,0.299922,31,9,1796,11232754880,-3.5254e-08,0,n/a
disc_with_holes,1k,1028,offset_square_-5000,boost,unsupported,,,,,,,,
circle_grid,1k,1152,intersection,clipper2,ok,0.408446,31,66,979,10554823,0,0,n/a
circle_grid,1k,1152,intersection,clipper1,ok,0.386533,31,66,977,10555403,5.49986e-05,0,n/a
circle_grid,1k,1152,intersection,boost,ok,1.11999,31,66,978,10555624,7.58895e-05,0,valid
circle_grid,1k,1152,union,clipper2,ok,0.460444,31,6,1587,99638184,0,0,n/a
circle_grid,1k,1152,union,clipper1,ok,0.439792,31,6,1587,99639000,8.18963e-06,0,n/a
circle_grid,1k,1152,union,boost,ok,0.924954,31,6,1588,99638866,6.84477e-06,0,valid
circle_grid,1k,1152,offset_miter_+100,clipper2,ok,0.139941,31,36,1152,72055728,0,0,n/a
circle_grid,1k,1152,offset_miter_+100,clipper1,ok,0.145279,31,36,1152,72055728,0,0,n/a
circle_grid,1k,1152,offset_miter_+100,boost,ok,0.834778,31,36,3456,72049022,-9.30669e-05,0,valid
circle_grid,1k,1152,offset_miter_-100,clipper2,ok,0.761899,31,36,1152,40416961,0,0,n/a
circle_grid,1k,1152,offset_miter_-100,clipper1,ok,0.691703,31,36,1152,40398624,-0.000453696,0,n/a
circle_grid,1k,1152,offset_miter_-100,boost,ok,3.0907,31,36,1152,40376989,-0.000988991,0,valid
circle_grid,1k,1152,offset_miter_+5000,clipper2,ok,0.155074,31,1,72,429265908,0,0,n/a
circle_grid,1k,1152,offset_miter_+5000,clipper1,ok,0.200712,31,1,72,429285908,4.65912e-05,0,n/a
circle_grid,1k,1152,offset_miter_+5000,boost,ok,3.17048,31,1,216,429226012,-9.29401e-05,0,valid
circle_grid,1k,1152,offset_miter_-5000,clipper2,ok,29.602,31,0,0,0,0,0,n/a
circle_grid,1k,1152,offset_miter_-5000,clipper1,ok,41.1199,31,0,0,0,0,0,n/a
circle_grid,1k,1152,offset_miter_-5000,boost,ok,458.851,5,0,0,0,0,0,valid
circle_grid,1k,1152,offset_round_+100,clipper2,ok,0.284339,31,36,2304,72031392,0,0,n/a
circle_grid,1k,1152,offset_round_+100,clipper1,ok,0.299522,31,36,2304,72031392,0,0,n/a
circle_grid,1k,1152,offset_round_+100,boost,ok,0.781538,31,36,2304,72039169,0.000107967,0,valid
circle_grid,1k,1152,offset_round_-100,clipper2,ok,0.760336,31,36,1152,40416961,0,0,n/a
circle_grid,1k,1152,offset_round_-100,clipper1,ok,0.693956,31,36,1152,40398624,-0.000453696,0,n/a
circle_grid,1k,1152,offset_round_-100,boost,ok,3.12387,31,36,1152,40376989,-0.000988991,0,valid
circle_grid,1k,1152,offset_round_+5000,clipper2,ok,0.465482,31,1,236,428484932,0,0,n/a
circle_grid,1k,1152,offset_round_+5000,clipper1,ok,0.575738,31,1,212,428273540,-0.000493348,0,n/a
circle_grid,1k,1152,offset_round_+5000,boost,ok,3.24757,31,1,216,428489446,1.05348e-05,0,valid
circle_grid,1k,1152,offset_round_-5000,clipper2,ok,29.6343,31,0,0,0,0,0,n/a
circle_grid,1k,1152,offset_round_-5000,clipper1,ok,41.0969,31,0,0,0,0,0,n/a
circle_grid,1k,1152,offset_round_-5000,boost,ok,455.356,5,0,0,0,0,0,valid
circle_grid,1k,1152,offset_square_+100,clipper2,ok,0.273112,31,36,2304,72022536,0,0,n/a
circle_grid,1k,1152,offset_square_+100,clipper1,ok,0.310318,31,36,2304,72022536,0,0,n/a
circle_grid,1k,1152,offset_square_+100,boost,unsupported,,,,,,,,
circle_grid,1k,1152,offset_square_-100,clipper2,ok,0.76952,31,36,1152,40416961,0,0,n/a
circle_grid,1k,1152,offset_square_-100,clipper1,ok,0.686294,31,36,1152,40398624,-0.000453696,0,n/a
circle_grid,1k,1152,offset_square_-100,boost,unsupported,,,,,,,,
circle_grid,1k,1152,offset_square_+5000,clipper2,ok,0.285911,31,1,164,428953246,0,0,n/a
circle_grid,1k,1152,offset_square_+5000,clipper1,ok,0.362537,31,1,164,428953246,0,0,n/a
circle_grid,1k,1152,offset_square_+5000,boost,unsupported,,,,,,,,
circle_grid,1k,1152,offset_square_-5000,clipper2,ok,29.6216,31,0,0,0,0,0,n/a
circle_grid,1k,1152,offset_square_-5000,clipper1,ok,41.1252,31,0,0,0,0,0,n/a
circle_grid,1k,1152,offset_square_-5000,boost,unsupported,,,,,,,,
jitter_circle,1k,1000,intersection,clipper2,ok,0.171248,31,1,995,30968506491,0,0,n/a
jitter_circle,1k,1000,intersection,clipper1,ok,0.221453,31,1,964,30968506756,8.55708e-09,0,n/a
jitter_circle,1k,1000,intersection,boost,ok,0.262005,31,1,995,30968506756,8.55708e-09,0,valid
jitter_circle,1k,1000,union,clipper2,ok,0.168874,31,1,1009,31862896735,0,0,n/a
jitter_circle,1k,1000,union,clipper1,ok,0.224308,31,1,979,31862897030,9.27411e-09,0,n/a
jitter_circle,1k,1000,union,boost,ok,0.206511,31,1,1009,31862897030,9.27411e-09,0,valid
jitter_circle,1k,1000,offset_miter_+100,clipper2,ok,0.227152,31,1,1001,31478565712,0,0,n/a
jitter_circle,1k,1000,offset_miter_+100,clipper1,ok,0.151178,31,1,983,31478571371,1.79773e-07,0,n/a
jitter_circle,1k,1000,offset_miter_+100,boost,ok,0.896461,31,1,1767,31478139382,-1.35435e-05,0,valid
jitter_circle,1k,1000,offset_miter_-100,clipper2,ok,0.700336,31,1,981,31352824954,0,0,n/a
jitter_circle,1k,1000,offset_miter_-100,clipper1,ok,0.547465,31,1,1027,31352885557,1.93294e-06,0,n/a
jitter_circle,1k,1000,offset_miter_-100,boost,ok,2.19833,31,1,1327,31352596172,-7.29703e-06,0,valid
jitter_circle,1k,1000,offset_miter_+5000,clipper2,ok,0.239171,31,1,1058,34635830494,0,0,n/a
jitter_circle,1k,1000,offset_miter_+5000,clipper1,ok,0.258209,31,1,1016,34635847487,4.90634e-07,0,n/a
jitter_circle,1k,1000,offset_miter_+5000,boost,ok,0.321555,31,1,1386,34634877336,-2.75194e-05,0,valid
jitter_circle,1k,1000,offset_miter_-5000,clipper2,ok,2.06658,31,1,1001,28352564279,0,0,n/a
jitter_circle,1k,1000,offset_miter_-5000,clipper1,ok,2.01885,31,1,1048,28352622305,2.04659e-06,0,n/a
jitter_circle,1k,1000,offset_miter_-5000,boost,ok,1.33001,31,1,467,28351746410,-2.88464e-05,0,valid
jitter_circle,1k,1000,offset_round_+100,clipper2,ok,0.336818,31,1,1588,31478565245,0,0,n/a
jitter_circle,1k,1000,offset_round_+100,clipper1,ok,0.228975,31,1,1396,31478565776,1.68527e-08,0,n/a
jitter_circle,1k,1000,offset_round_+100,boost,ok,0.788178,31,1,1567,31478139479,-1.35256e-05,0,valid
jitter_circle,1k,1000,offset_round_-100,clipper2,ok,0.717261,31,1,1009,31352826982,0,0,n/a
jitter_circle,1k,1000,offset_round_-100,clipper1,ok,0.567405,31,1,1027,31352885557,1.86827e-06,0,n/a
jitter_circle,1k,1000,offset_round_-100,boost,ok,2.21259,31,1,1325,31352596173,-7.36166e-06,0,valid
jitter_circle,1k,1000,offset_round_+5000,clipper2,ok,0.456698,31,1,1875,34635829552,0,0,n/a
jitter_circle,1k,1000,offset_round_+5000,clipper1,ok,0.465071,31,1,1831,34635845439,4.58687e-07,0,n/a
jitter_circle,1k,1000,offset_round_+5000,boost,ok,0.317078,31,1,924,34634882263,-2.735e-05,0,valid
jitter_circle,1k,1000,offset_round_-5000,clipper2,ok,2.12393,31,1,1098,28352565671,0,0,n/a
jitter_circle,1k,1000,offset_round_-5000,clipper1,ok,2.10136,31,1,1151,28352623882,2.05309e-06,0,n/a
jitter_circle,1k,1000,offset_round_-5000,boost,ok,1.33348,31,1,467,28351746410,-2.88955e-05,0,valid
jitter_circle,1k,1000,offset_square_+100,clipper2,ok,0.210567,31,1,1001,31478565712,0,0,n/a
jitter_circle,1k,1000,offset_square_+100,clipper1,ok,0.215024,31,1,1283,31478570885,1.64318e-07,0,n/a
jitter_circle,1k,1000,offset_square_+100,boost,unsupported,,,,,,,,
jitter_circle,1k,1000,offset_square_-100,clipper2,ok,0.707386,31,1,981,31352824954,0,0,n/a
jitter_circle,1k,1000,offset_square_-100,clipper1,ok,0.557681,31,1,1027,31352885557,1.93294e-06,0,n/a
jitter_circle,1k,1000,offset_square_-100,boost,unsupported,,,,,,,,
jitter_circle,1k,1000,offset_square_+5000,clipper2,ok,0.250718,31,1,1058,34635830494,0,0,n/a
jitter_circle,1k,1000,offset_square_+5000,clipper1,ok,0.495427,31,1,1872,34635846493,4.61935e-07,0,n/a
jitter_circle,1k,1000,offset_square_+5000,boost,unsupported,,,,,,,,
jitter_circle,1k,1000,offset_square_-5000,clipper2,ok,2.06558,31,1,1001,28352564279,0,0,n/a
jitter_circle,1k,1000,offset_square_-5000,clipper1,ok,2.09655,31,1,1148,28352626334,2.18869e-06,0,n/a
jitter_circle,1k,1000,offset_square_-5000,boost,unsupported,,,,,,,,
squares_coincident,1k,1024,intersection,clipper2,ok,0.352261,31,256,1024,128000000,0,0,n/a
squares_coincident,1k,1024,intersection,clipper1,ok,0.326753,31,256,1024,128000000,0,0,n/a
squares_coincident,1k,1024,intersection,boost,ok,9.4181,31,256,1024,128000000,0,0,valid
squares_coincident,1k,1024,union,clipper2,ok,0.444119,31,256,1536,384000000,0,0,n/a
squares_coincident,1k,1024,union,clipper1,ok,0.620796,31,256,1024,384000000,0,0,n/a
squares_coincident,1k,1024,union,boost,ok,9.63011,31,256,1280,384000000,0,0,valid
squares_coincident,1k,1024,offset_miter_+100,clipper2,ok,0.381435,31,256,2048,366857728,0,0,n/a
squares_coincident,1k,1024,offset_miter_+100,clipper1,ok,0.250788,31,256,1024,368640000,0.00485821,0,n/a
squares_coincident,1k,1024,offset_miter_+100,boost,ok,0.752153,31,256,3072,367049600,0.000523015,0,valid
squares_coincident,1k,1024,offset_miter_-100,clipper2,ok,0.533594,31,256,1024,163840000,0,0,n/a
squares_coincident,1k,1024,offset_miter_-100,clipper1,ok,0.525051,31,256,1024,163840000,0,0,n/a
squares_coincident,1k,1024,offset_miter_-100,boost,ok,4.53305,31,256,1024,163840000,0,0,valid
squares_coincident,1k,1024,offset_miter_+5000,clipper2,ok,0.867046,31,1,8,1663841918,0,0,n/a
squares_coincident,1k,1024,offset_miter_+5000,clipper1,ok,0.491641,31,1,4,1681000000,0.0103123,0,n/a
squares_coincident,1k,1024,offset_miter_+5000,boost,ok,27.1437,31,1,192,1663170000,-0.000403835,0,valid
squares_coincident,1k,1024,offset_miter_-5000,clipper2,ok,1.15045,31,0,0,0,0,0,n/a
squares_coincident,1k,1024,offset_miter_-5000,clipper1,ok,0.903331,31,0,0,0,0,0,n/a
squares_coincident,1k,1024,offset_miter_-5000,boost,ok,124.758,12,0,0,0,0,0,valid
squares_coincident,1k,1024,offset_round_+100,clipper2,ok,0.5113,31,256,3072,365568000,0,0,n/a
squares_coincident,1k,1024,offset_round_+100,clipper1,ok,0.540455,31,256,3072,365568000,0,0,n/a
squares_coincident,1k,1024,offset_round_+100,boost,ok,0.781858,31,256,3072,365616000,0.000131303,0,valid
squares_coincident,1k,1024,offset_round_-100,clipper2,ok,0.534836,31,256,1024,163840000,0,0,n/a
squares_coincident,1k,1024,offset_round_-100,clipper1,ok,0.529618,31,256,1024,163840000,0,0,n/a
squares_coincident,1k,1024,offset_round_-100,boost,ok,4.53604,31,256,1024,163840000,0,0,valid
squares_coincident,1k,1024,offset_round_+5000,clipper2,ok,3.84995,31,1,296,1658501705,0,0,n/a
squares_coincident,1k,1024,offset_round_+5000,clipper1,ok,5.05599,31,1,232,1658193474,-0.000185849,0,n/a
squares_coincident,1k,1024,offset_round_+5000,boost,ok,43.9246,31,1,236,1658400374,-6.10979e-05,0,valid
squares_coincident,1k,1024,offset_round_-5000,clipper2,ok,1.15149,31,0,0,0,0,0,n/a
squares_coincident,1k,1024,offset_round_-5000,clipper1,ok,0.911804,31,0,0,0,0,0,n/a
squares_coincident,1k,1024,offset_round_-5000,boost,ok,125.216,12,0,0,0,0,0,valid
squares_coincident,1k,1024,offset_square_+100,clipper2,ok,0.387033,31,256,2048,366857728,0,0,n/a
squares_coincident,1k,1024,offset_square_+100,clipper1,ok,0.393804,31,256,2048,366857728,0,0,n/a
squares_coincident,1k,1024,offset_square_+100,boost,unsupported,,,,,,,,
squares_coincident,1k,1024,offset_square_-100,clipper2,ok,0.53062,31,256,1024,163840000,0,0,n/a
squares_coincident,1k,1024,offset_square_-100,clipper1,ok,0.525733,31,256,1024,163840000,0,0,n/a
squares_coincident,1k,1024,offset_square_-100,boost,unsupported,,,,,,,,
squares_coincident,1k,1024,offset_square_+5000,clipper2,ok,0.86247,31,1,8,1663841918,0,0,n/a
squares_coincident,1k,1024,offset_square_+5000,clipper1,ok,1.23295,31,1,8,1663841918,0,0,n/a
squares_coincident,1k,1024,offset_square_+5000,boost,unsupported,,,,,,,,
squares_coincident,1k,1024,offset_square_-5000,clipper2,ok,1.14321,31,0,0,0,0,0,n/a
squares_coincident,1k,1024,offset_square_-5000,clipper1,ok,0.906326,31,0,0,0,0,0,n/a
squares_coincident,1k,1024,offset_square_-5000,boost,unsupported,,,,,,,,
squares_touching,1k,1024,intersection,clipper2,ok,0.19298,31,0,0,0,0,0,n/a
squares_touching,1k,1024,intersection,clipper1,ok,0.412492,31,0,0,0,0,0,n/a
squares_touching,1k,1024,intersection,boost,ok,2.1883,31,0,0,0,0,0,valid
squares_touching,1k,1024,union,clipper2,ok,0.586895,31,16,1056,512000000,0,0,n/a
squares_touching,1k,1024,union,clipper1,ok,0.594546,31,16,64,512000000,0,0,n/a
squares_touching,1k,1024,union,boost,ok,2.69858,31,16,80,512000000,0,0,valid
squares_touching,1k,1024,offset_miter_+100,clipper2,ok,0.385251,31,256,2048,366857728,0,0,n/a
squares_touching,1k,1024,offset_miter_+100,clipper1,ok,0.255836,31,256,1024,368640000,0.00485821,0,n/a
squares_touching,1k,1024,offset_miter_+100,boost,ok,0.751222,31,256,3072,367049600,0.000523015,0,valid
squares_touching,1k,1024,offset_miter_-100,clipper2,ok,0.527566,31,256,1024,163840000,0,0,n/a
squares_touching,1k,1024,offset_miter_-100,clipper1,ok,0.525351,31,256,1024,163840000,0,0,n/a
squares_touching,1k,1024,offset_miter_-100,boost,ok,4.49223,31,256,1024,163840000,0,0,valid
squares_touching,1k,1024,offset_miter_+5000,clipper2,ok,0.850532,31,1,8,1663841918,0,0,n/a
squares_touching,1k,1024,offset_miter_+5000,clipper1,ok,0.488357,31,1,4,1681000000,0.0103123,0,n/a
squares_touching,1k,1024,offset_miter_+5000,boost,ok,27.409,31,1,192,1663170000,-0.000403835,0,valid
squares_touching,1k,1024,offset_miter_-5000,clipper2,ok,1.14675,31,0,0,0,0,0,n/a
squares_touching,1k,1024,offset_miter_-5000,clipper1,ok,0.916341,31,0,0,0,0,0,n/a
squares_touching,1k,1024,offset_miter_-5000,boost,ok,125.415,12,0,0,0,0,0,valid
squares_touching,1k,1024,offset_round_+100,clipper2,ok,0.51108,31,256,3072,365568000,0,0,n/a
squares_touching,1k,1024,offset_round_+100,clipper1,ok,0.535087,31,256,3072,365568000,0,0,n/a
squares_touching,1k,1024,offset_round_+100,boost,ok,0.789019,31,256,3072,365616000,0.000131303,0,valid
squares_touching,1k,1024,offset_round_-100,clipper2,ok,0.53758,31,256,1024,163840000,0,0,n/a
squares_touching,1k,1024,offset_round_-100,clipper1,ok,0.529519,31,256,1024,163840000,0,0,n/a
squares_touching,1k,1024,offset_round_-100,boost,ok,4.5131,31,256,1024,163840000,0,0,valid
squares_touching,1k,1024,offset_round_+5000,clipper2,ok,3.80424,31,1,296,1658501705,0,0,n/a
squares_touching,1k,1024,offset_round_+5000,clipper1,ok,5.1785,31,1,232,1658193474,-0.000185849,0,n/a
squares_touching,1k,1024,offset_round_+5000,boost,ok,44.0852,31,1,236,1658400374,-6.10979e-05,0,valid
squares_touching,1k,1024,offset_round_-5000,clipper2,ok,1.12463,31,0,0,0,0,0,n/a
squares_touching,1k,1024,offset_round_-5000,clipper1,ok,0.913777,31,0,0,0,0,0,n/a
squares_touching,1k,1024,offset_round_-5000,boost,ok,125.842,12,0,0,0,0,0,valid
squares_touching,1k,1024,offset_square_+100,clipper2,ok,0.38431,31,256,2048,366857728,0,0,n/a
squares_touching,1k,1024,offset_square_+100,clipper1,ok,0.394665,31,256,2048,366857728,0,0,n/a
squares_touching,1k,1024,offset_square_+100,boost,unsupported,,,,,,,,
squares_touching,1k,1024,offset_square_-100,clipper2,ok,0.526183,31,256,1024,163840000,0,0,n/a
squares_touching,1k,1024,offset_square_-100,clipper1,ok,0.53744,31,256,1024,163840000,0,0,n/a
squares_touching,1k,1024,offset_square_-100,boost,unsupported,,,,,,,,
squares_touching,1k,1024,offset_square_+5000,clipper2,ok,0.843071,31,1,8,1663841918,0,0,n/a
squares_touching,1k,1024,offset_square_+5000,clipper1,ok,1.23795,31,1,8,1663841918,0,0,n/a
squares_touching,1k,1024,offset_square_+5000,boost,unsupported,,,,,,,,
squares_touching,1k,1024,offset_square_-5000,clipper2,ok,1.14461,31,0,0,0,0,0,n/a
squares_touching,1k,1024,offset_square_-5000,clipper1,ok,0.921529,31,0,0,0,0,0,n/a
squares_touching,1k,1024,offset_square_-5000,boost,unsupported,,,,,,,,
self_intersecting,1k,1000,intersection,clipper2,ok,0.288314,31,1,356,21775481632,0,0,n/a
self_intersecting,1k,1000,intersection,clipper1,ok,0.289016,31,1,356,21775495204,6.2327e-07,0,n/a
self_intersecting,1k,1000,intersection,boost,ok,0.456308,31,1,346,3683418441,-0.830846,0,valid
self_intersecting,1k,1000,union,clipper2,ok,0.290648,31,1,352,23538641594,0,0,n/a
self_intersecting,1k,1000,union,clipper1,ok,0.274904,31,1,352,23538649590,3.39718e-07,0,n/a
self_intersecting,1k,1000,union,boost,ok,0.370068,31,1,352,23538649616,3.40801e-07,0,valid
self_intersecting,1k,1000,offset_miter_+100,clipper2,ok,0.173852,31,1,340,22715531159,0,0,n/a
self_intersecting,1k,1000,offset_miter_+100,clipper1,ok,0.167212,31,1,340,22715532353,5.25632e-08,0,n/a
self_intersecting,1k,1000,offset_miter_+100,boost,ok,1.27359,31,1,1005,22715176729,-1.5603e-05,0,valid
self_intersecting,1k,1000,offset_miter_-100,clipper2,ok,0.729199,31,317,1334,22598585290,0,0,n/a
self_intersecting,1k,1000,offset_miter_-100,clipper1,ok,0.793015,31,335,1380,22598622347,1.63979e-06,18,n/a
self_intersecting,1k,1000,offset_miter_-100,boost,ok,3.46903,31,1,741,3923644689,-0.826377,-316,valid
self_intersecting,1k,1000,offset_miter_+5000,clipper2,ok,0.344339,31,1,314,25637112234,0,0,n/a
self_intersecting,1k,1000,offset_miter_+5000,clipper1,ok,0.31838,31,1,314,25637115364,1.22089e-07,0,n/a
self_intersecting,1k,1000,offset_miter_+5000,boost,ok,1.58637,31,1,926,25636707457,-1.57887e-05,0,valid
self_intersecting,1k,1000,offset_miter_-5000,clipper2,ok,1.54314,31,355,2310,19669086180,0,0,n/a
self_intersecting,1k,1000,offset_miter_-5000,clipper1,ok,1.6614,31,355,2308,19669402874,1.61011e-05,0,n/a
self_intersecting,1k,1000,offset_miter_-5000,boost,ok,5.03442,31,1,556,3433445846,-0.825439,-354,INVALID: Geometry has invalid self-intersections. A self-intersection point was found at (-15608; -32835); method: i; operations: i/u; segment IDs {source; multi; ring; segment}: {0; 0; -1; 519}/{0; 0; -1; 521}
self_intersecting,1k,1000,offset_round_+100,clipper2,ok,0.270558,31,1,673,22715501977,0,0,n/a
self_intersecting,1k,1000,offset_round_+100,clipper1,ok,0.267093,31,1,673,22715505352,1.48577e-07,0,n/a
self_intersecting,1k,1000,offset_round_+100,boost,ok,1.15838,31,1,673,22715177080,-1.43029e-05,0,valid
self_intersecting,1k,1000,offset_round_-100,clipper2,ok,0.747587,31,317,1334,22598585290,0,0,n/a
self_intersecting,1k,1000,offset_round_-100,clipper1,ok,0.821538,31,335,1380,22598622347,1.63979e-06,18,n/a
self_intersecting,1k,1000,offset_round_-100,boost,ok,3.43631,31,1,589,3923644951,-0.826377,-316,valid
self_intersecting,1k,1000,offset_round_+5000,clipper2,ok,0.477149,31,1,619,25637015521,0,0,n/a
self_intersecting,1k,1000,offset_round_+5000,clipper1,ok,0.483759,31,1,619,25637017854,9.10012e-08,0,n/a
self_intersecting,1k,1000,offset_round_+5000,boost,ok,1.563,31,1,619,25636620942,-1.5391e-05,0,valid
self_intersecting,1k,1000,offset_round_-5000,clipper2,ok,1.6133,31,355,2310,19669089498,0,0,n/a
self_intersecting,1k,1000,offset_round_-5000,clipper1,ok,1.71165,31,355,2308,19669403686,1.59737e-05,0,n/a
self_intersecting,1k,1000,offset_round_-5000,boost,ok,5.04129,31,1,404,3433545543,-0.825434,-354,INVALID: Geometry has invalid self-intersections. A self-intersection point was found at (-15608; -32835); method: i; operations: i/u; segment IDs {source; multi; ring; segment}: {0; 0; -1; 367}/{0; 0; -1; 369}
self_intersecting,1k,1000,offset_square_+100,clipper2,ok,0.21256,31,1,573,22715536129,0,0,n/a
self_intersecting,1k,1000,offset_square_+100,clipper1,ok,0.28516,31,1,673,22715530131,-2.64048e-07,0,n/a
self_intersecting,1k,1000,offset_square_+100,boost,unsupported,,,,,,,,
self_intersecting,1k,1000,offset_square_-100,clipper2,ok,0.743931,31,317,1334,22598585290,0,0,n/a
self_intersecting,1k,1000,offset_square_-100,clipper1,ok,0.832024,31,335,1380,22598622347,1.63979e-06,18,n/a
self_intersecting,1k,1000,offset_square_-100,boost,unsupported,,,,,,,,
self_intersecting,1k,1000,offset_square_+5000,clipper2,ok,0.387764,31,1,547,25637065382,0,0,n/a
self_intersecting,1k,1000,offset_square_+5000,clipper1,ok,0.480794,31,1,619,25637081284,6.20274e-07,0,n/a
self_intersecting,1k,1000,offset_square_+5000,boost,unsupported,,,,,,,,
self_intersecting,1k,1000,offset_square_-5000,clipper2,ok,1.58437,31,355,2310,19669089823,0,0,n/a
self_intersecting,1k,1000,offset_square_-5000,clipper1,ok,1.72765,31,355,2308,19669403277,1.59364e-05,0,n/a
self_intersecting,1k,1000,offset_square_-5000,boost,unsupported,,,,,,,,
ellipse,10k,10000,intersection,clipper2,ok,1.56112,31,1,9372,19348749205,0,0,n/a
ellipse,10k,10000,intersection,clipper1,ok,1.88264,31,1,7546,19348749253,2.48078e-09,0,n/a
ellipse,10k,10000,intersection,boost,ok,0.437519,31,1,9372,19348749235,1.55049e-09,0,valid
ellipse,10k,10000,union,clipper2,ok,1.62575,31,1,10631,24633550287,0,0,n/a
ellipse,10k,10000,union,clipper1,ok,1.91971,31,1,8401,24633550334,1.90797e-09,0,n/a
ellipse,10k,10000,union,boost,ok,0.457229,31,1,10631,24633550313,1.07577e-09,0,valid
ellipse,10k,10000,offset_miter_+100,clipper2,ok,4.48876,31,1,10277,22044977448,0,0,n/a
ellipse,10k,10000,offset_miter_+100,clipper1,ok,6.24474,31,1,7942,22045033161,2.52722e-06,0,n/a
ellipse,10k,10000,offset_miter_+100,boost,ok,18.4805,31,1,13012,22044620439,-1.61946e-05,0,valid
ellipse,10k,10000,offset_miter_-100,clipper2,ok,4.56389,31,1,8046,21937310665,0,0,n/a
ellipse,10k,10000,offset_miter_-100,clipper1,ok,14.1652,31,1,7789,21937326684,7.30217e-07,0,n/a
ellipse,10k,10000,offset_miter_-100,boost,ok,21.7885,31,1,12451,21937079418,-1.05413e-05,0,valid
ellipse,10k,10000,offset_miter_+5000,clipper2,ok,60.8588,25,1,9025,24760903780,0,0,n/a
ellipse,10k,10000,offset_miter_+5000,clipper1,ok,47.5006,31,1,7909,24760959792,2.26211e-06,0,n/a
ellipse,10k,10000,offset_miter_+5000,boost,ok,0.774146,31,1,1443,24759972592,-3.76072e-05,0,valid
ellipse,10k,10000,offset_miter_-5000,clipper2,ok,71.4797,21,1,7777,19378386653,0,0,n/a
ellipse,10k,10000,offset_miter_-5000,clipper1,ok,57.8242,26,1,7374,19378420291,1.73583e-06,0,n/a
ellipse,10k,10000,offset_miter_-5000,boost,ok,2.49769,31,1,487,19377650534,-3.79866e-05,0,valid
ellipse,10k,10000,offset_round_+100,clipper2,ok,5.30224,31,1,12892,22044990531,0,0,n/a
ellipse,10k,10000,offset_round_+100,clipper1,ok,7.39818,31,1,10057,22045040323,2.25865e-06,0,n/a
ellipse,10k,10000,offset_round_+100,boost,ok,17.0182,31,1,10679,22044621717,-1.67301e-05,0,valid
ellipse,10k,10000,offset_round_-100,clipper2,ok,5.35116,31,1,10465,21937300456,0,0,n/a
ellipse,10k,10000,offset_round_-100,clipper1,ok,16.9971,31,1,9837,21937320086,8.94823e-07,0,n/a
ellipse,10k,10000,offset_round_-100,boost,ok,20.7304,31,1,10351,21937080565,-1.00236e-05,0,valid
ellipse,10k,10000,offset_round_+5000,clipper2,ok,73.61,21,1,10397,24760886797,0,0,n/a
ellipse,10k,10000,offset_round_+5000,clipper1,ok,54.2399,28,1,8930,24760919890,1.3365e-06,0,n/a
ellipse,10k,10000,offset_round_+5000,boost,ok,0.773346,31,1,962,24759977673,-3.67161e-05,0,valid
ellipse,10k,10000,offset_round_-5000,clipper2,ok,83.0089,19,1,8932,19378438763,0,0,n/a
ellipse,10k,10000,offset_round_-5000,clipper1,ok,65.3811,23,1,8265,19378453976,7.85022e-07,0,n/a
ellipse,10k,10000,offset_round_-5000,boost,ok,2.50052,31,1,487,19377650534,-4.06756e-05,0,valid
ellipse,10k,10000,offset_square_+100,clipper2,ok,4.47191,31,1,10277,22044977448,0,0,n/a
ellipse,10k,10000,offset_square_+100,clipper1,ok,7.34218,31,1,9972,22045030875,2.42355e-06,0,n/a
ellipse,10k,10000,offset_square_+100,boost,unsupported,,,,,,,,
ellipse,10k,10000,offset_square_-100,clipper2,ok,4.59596,31,1,8046,21937310665,0,0,n/a
ellipse,10k,10000,offset_square_-100,clipper1,ok,16.5074,31,1,9581,21937328138,7.96474e-07,0,n/a
ellipse,10k,10000,offset_square_-100,boost,unsupported,,,,,,,,
ellipse,10k,10000,offset_square_+5000,clipper2,ok,61.0565,25,1,9025,24760903780,0,0,n/a
ellipse,10k,10000,offset_square_+5000,clipper1,ok,57.4189,27,1,11090,24760952323,1.96045e-06,0,n/a
ellipse,10k,10000,offset_square_+5000,boost,unsupported,,,,,,,,
ellipse,10k,10000,offset_square_-5000,clipper2,ok,71.4924,21,1,7777,19378386653,0,0,n/a
ellipse,10k,10000,offset_square_-5000,clipper1,ok,67.2038,23,1,10142,19378427893,2.12814e-06,0,n/a
ellipse,10k,10000,offset_square_-5000,boost,unsupported,,,,,,,,
star,10k,10000,intersection,clipper2,ok,1518.68,5,13873,84342,15663796907,0,0,n/a
star,10k,10000,intersection,clipper1,ok,716.223,5,13888,84464,15663924311,8.13369e-06,15,n/a
star,10k,10000,intersection,boost,ok,14396.1,1,13894,84544,15663983329,1.19015e-05,21,INVALID: Geometry has invalid self-intersections. A self-intersection point was found at (-59946; -4719); method: i; operations: i/u; segment IDs {source; multi; ring; segment}: {0; 485; -1; 1}/{0; 1; -1; 22297}
star,10k,10000,union,clipper2,ok,1520.73,5,13842,84473,22034732564,0,0,n/a
star,10k,10000,union,clipper1,ok,707.219,5,13883,84665,22034833474,4.57959e-06,41,n/a
star,10k,10000,union,boost,ok,14983.7,1,13924,84843,22036005989,5.77917e-05,82,INVALID: Geometry has invalid self-intersections. A self-intersection point was found at (-72588; -67140); method: i; operations: i/u; segment IDs {source; multi; ring; segment}: {0; 0; -1; 25367}/{0; 0; -1; 25369}
star,10k,10000,offset_miter_+100,clipper2,ok,492.962,5,1,8358,31478742463,0,0,n/a
star,10k,10000,offset_miter_+100,clipper1,ok,348.78,5,1,6300,31478865719,3.91553e-06,0,n/a
star,10k,10000,offset_miter_+100,boost,ok,1204.27,5,1,10000,31467232184,-0.000365652,0,valid
star,10k,10000,offset_miter_-100,clipper2,ok,472.168,5,1,3442,11271959030,0,0,n/a
star,10k,10000,offset_miter_-100,clipper1,ok,308.916,5,1,3907,11271978030,1.68555e-06,0,n/a
star,10k,10000,offset_miter_-100,boost,ok,782.075,5,1,10000,11272802350,7.48157e-05,0,valid
star,10k,10000,offset_miter_+5000,clipper2,ok,1031.28,5,1,29962,34712706646,0,0,n/a
star,10k,10000,offset_miter_+5000,clipper1,ok,3158.35,1,1,29981,34712971869,7.64052e-06,0,n/a
star,10k,10000,offset_miter_+5000,boost,ok,4417.5,1,1,10000,35271923182,0.0161099,0,valid
star,10k,10000,offset_miter_-5000,clipper2,ok,977.13,5,1,1726,9503163175,0,0,n/a
star,10k,10000,offset_miter_-5000,clipper1,ok,3207.18,1,1,1752,9503211212,5.0549e-06,0,n/a
star,10k,10000,offset_miter_-5000,boost,ok,7505.66,1,1,10000,9167564818,-0.0353144,0,valid
star,10k,10000,offset_round_+100,clipper2,ok,1660.1,5,1,15000,31469829973,0,0,n/a
star,10k,10000,offset_round_+100,clipper1,ok,794.642,5,1,15000,31468663696,-3.70601e-05,0,n/a
star,10k,10000,offset_round_+100,boost,ok,1206.33,5,1,10000,31470132258,9.60557e-06,0,valid
star,10k,10000,offset_round_-100,clipper2,ok,1537.39,5,1,10000,11275431477,0,0,n/a
star,10k,10000,offset_round_-100,clipper1,ok,668.586,5,1,10000,11275742135,2.75518e-05,0,n/a
star,10k,10000,offset_round_-100,boost,ok,790.927,5,1,10000,11274752556,-6.02124e-05,0,valid
star,10k,10000,offset_round_+5000,clipper2,ok,10175.7,1,1,9988,34631219353,0,0,n/a
star,10k,10000,offset_round_+5000,clipper1,ok,5802.51,1,1,9985,34631324017,3.02224e-06,0,n/a
star,10k,10000,offset_round_+5000,boost,ok,155501,1,284,14942,200546147724,4.79091,283,INVALID: Geometry has invalid self-intersections. A self-intersection point was found at (313; -83210); method: i; operations: u/i; segment IDs {source; multi; ring; segment}: {0; 67; -1; 13}/{0; 149; -1; 15}
star,10k,10000,offset_round_-5000,clipper2,ok,10203.4,1,1,8038,9505797167,0,0,n/a
star,10k,10000,offset_round_-5000,clipper1,ok,7373.7,1,1,8049,9505845170,5.04987e-06,0,n/a
star,10k,10000,offset_round_-5000,boost,ok,55642.3,1,1,20888,279081874848,28.3591,0,INVALID: Geometry has invalid self-intersections. A self-intersection point was found at (787; -83552); method: i; operations: i/u; segment IDs {source; multi; ring; segment}: {0; 0; -1; 20191}/{0; 0; -1; 20803}
star,10k,10000,offset_square_+100,clipper2,ok,500.968,5,1,8358,31478742463,0,0,n/a
star,10k,10000,offset_square_+100,clipper1,ok,347.255,5,1,6300,31478865719,3.91553e-06,0,n/a
star,10k,10000,offset_square_+100,boost,unsupported,,,,,,,,
star,10k,10000,offset_square_-100,clipper2,ok,478.443,5,1,3442,11271959030,0,0,n/a
star,10k,10000,offset_square_-100,clipper1,ok,308.788,5,1,3907,11271978030,1.68555e-06,0,n/a
star,10k,10000,offset_square_-100,boost,unsupported,,,,,,,,
star,10k,10000,offset_square_+5000,clipper2,ok,1039,5,1,29962,34712706646,0,0,n/a
star,10k,10000,offset_square_+5000,clipper1,ok,3128.61,1,1,29981,34712971869,7.64052e-06,0,n/a
star,10k,10000,offset_square_+5000,boost,unsupported,,,,,,,,
star,10k,10000,offset_square_-5000,clipper2,ok,984.017,5,1,1726,9503163175,0,0,n/a
star,10k,10000,offset_square_-5000,clipper1,ok,3208.81,1,1,1752,9503211212,5.0549e-06,0,n/a
star,10k,10000,offset_square_-5000,boost,unsupported,,,,,,,,
comb,10k,10001,intersection,clipper2,ok,398.22,5,2500,14998,7499500000,0,0,n/a
comb,10k,10001,intersection,clipper1,ok,685.84,5,2500,14998,7499500000,0,0,n/a
comb,10k,10001,intersection,boost,ok,769.816,5,2500,14998,7499500000,0,0,valid
comb,10k,10001,union,clipper2,ok,261.404,6,1,15003,27499500000,0,0,n/a
comb,10k,10001,union,clipper1,ok,506.712,5,1,15003,27499500000,0,0,n/a
comb,10k,10001,union,boost,ok,628.367,5,1,15003,27499500000,0,0,valid
comb,10k,10001,offset_miter_+100,clipper2,ok,226.706,7,1,7506,30106318649,0,0,n/a
comb,10k,10001,offset_miter_+100,clipper1,ok,215.83,7,1,5,30106505051,6.19147e-06,0,n/a
comb,10k,10001,offset_miter_+100,boost,ok,1547.08,5,1,7511,30105389008,-3.08786e-05,0,valid
comb,10k,10001,offset_miter_-100,clipper2,ok,244.275,7,1,7498,4897752338,0,0,n/a
comb,10k,10001,offset_miter_-100,clipper1,ok,181.776,9,1,4,4897550000,-4.13124e-05,0,n/a
comb,10k,10001,offset_miter_-100,boost,ok,1662.49,5,1,7499,4898674100,0.000188201,0,valid
comb,10k,10001,offset_miter_+5000,clipper2,ok,377.292,5,1,9,35676871616,0,0,n/a
comb,10k,10001,offset_miter_+5000,clipper1,ok,2472.38,5,1,5,35694128750,0.000483706,0,n/a
comb,10k,10001,offset_miter_+5000,boost,skipped_too_slow,,,,,,,,
comb,10k,10001,offset_miter_-5000,clipper2,ok,281.733,6,0,0,0,0,0,n/a
comb,10k,10001,offset_miter_-5000,clipper1,ok,220.14,7,0,0,0,0,0,n/a
comb,10k,10001,offset_miter_-5000,boost,skipped_too_slow,,,,,,,,
comb,10k,10001,offset_round_+100,clipper2,ok,231.121,7,1,7510,30103894139,0,0,n/a
comb,10k,10001,offset_round_+100,clipper1,ok,200.96,8,1,7510,30103894159,6.47757e-10,0,n/a
comb,10k,10001,offset_round_+100,boost,ok,1549.08,5,1,7511,30103884015,-3.36302e-07,0,valid
comb,10k,10001,offset_round_-100,clipper2,ok,249.702,7,1,7498,4900043100,0,0,n/a
comb,10k,10001,offset_round_-100,clipper1,ok,217.379,7,1,7498,4900172900,2.64896e-05,0,n/a
comb,10k,10001,offset_round_-100,boost,ok,1668.77,5,1,7499,4900172900,2.64896e-05,0,valid
comb,10k,10001,offset_round_+5000,clipper2,ok,326.596,5,1,7554,35672088005,0,0,n/a
comb,10k,10001,offset_round_+5000,clipper1,ok,237.394,7,1,7550,35671806674,-7.88659e-06,0,n/a
comb,10k,10001,offset_round_+5000,boost,skipped_too_slow,,,,,,,,
comb,10k,10001,offset_round_-5000,clipper2,ok,364.904,5,2450,7350,122500,0,0,n/a
comb,10k,10001,offset_round_-5000,clipper1,ok,306.074,6,1,7350,490000,3,-2449,n/a
comb,10k,10001,offset_round_-5000,boost,skipped_too_slow,,,,,,,,
comb,10k,10001,offset_square_+100,clipper2,ok,234.836,7,1,7506,30106318649,0,0,n/a
comb,10k,10001,offset_square_+100,clipper1,ok,191.825,8,1,7506,30106318678,9.79861e-10,0,n/a
comb,10k,10001,offset_square_+100,boost,unsupported,,,,,,,,
comb,10k,10001,offset_square_-100,clipper2,ok,246.707,7,1,7498,4897752338,0,0,n/a
comb,10k,10001,offset_square_-100,clipper1,ok,211.494,8,1,7498,4897752338,0,0,n/a
comb,10k,10001,offset_square_-100,boost,unsupported,,,,,,,,
comb,10k,10001,offset_square_+5000,clipper2,ok,360.265,5,1,9,35676871616,0,0,n/a
comb,10k,10001,offset_square_+5000,clipper1,ok,1224.93,5,1,9,35676871616,0,0,n/a
comb,10k,10001,offset_square_+5000,boost,unsupported,,,,,,,,
comb,10k,10001,offset_square_-5000,clipper2,ok,283.586,6,0,0,0,0,0,n/a
comb,10k,10001,offset_square_-5000,clipper1,ok,259.343,6,0,0,0,0,0,n/a
comb,10k,10001,offset_square_-5000,boost,unsupported,,,,,,,,
disc_with_holes,10k,10820,intersection,clipper2,ok,7.64258,31,30,13749,10963108234,0,0,n/a
disc_with_holes,10k,10820,intersection,clipper1,ok,7.35356,31,30,13750,10963034421,-6.73281e-06,0,n/a
disc_with_holes,10k,10820,intersection,boost,ok,5.63309,31,30,13751,10963035181,-6.66348e-06,0,valid
disc_with_holes,10k,10820,union,clipper2,ok,7.26018,31,366,9353,38299033786,0,0,n/a
disc_with_holes,10k,10820,union,clipper1,ok,6.57539,31,366,9353,38298928511,-2.74875e-06,0,n/a
disc_with_holes,10k,10820,union,boost,ok,8.32761,31,366,9353,38298928641,-2.74536e-06,0,valid
disc_with_holes,10k,10820,offset_miter_+100,clipper2,ok,8.20335,31,170,10860,25276871314,0,0,n/a
disc_with_holes,10k,10820,offset_miter_+100,clipper1,ok,7.22359,31,170,10820,25276914883,1.72367e-06,0,n/a
disc_with_holes,10k,10820,offset_miter_+100,boost,ok,59.2682,26,170,11504,25277051935,7.14568e-06,0,valid
disc_with_holes,10k,10820,offset_miter_-100,clipper2,ok,1.49278,31,170,10820,23974344492,0,0,n/a
disc_with_holes,10k,10820,offset_miter_-100,clipper1,ok,1.66726,31,170,10820,23974344492,0,0,n/a
disc_with_holes,10k,10820,offset_miter_-100,boost,ok,12.8383,31,170,32452,23974051557,-1.22187e-05,0,valid
disc_with_holes,10k,10820,offset_miter_+5000,clipper2,ok,77.9134,20,170,10824,44006867601,0,0,n/a
disc_with_holes,10k,10820,offset_miter_+5000,clipper1,ok,69.9892,22,170,10820,44024006838,0.000389467,0,n/a
disc_with_holes,10k,10820,offset_miter_+5000,boost,ok,835.38,5,170,10828,44008875035,4.56164e-05,0,valid
disc_with_holes,10k,10820,offset_miter_-5000,clipper2,ok,1.22295,31,144,1152,144065996,0,0,n/a
disc_with_holes,10k,10820,offset_miter_-5000,clipper1,ok,1.39654,31,144,1152,144068384,1.65757e-05,0,n/a
disc_with_holes,10k,10820,offset_miter_-5000,boost,ok,16.3552,31,144,2304,144080685,0.00010196,0,valid
disc_with_holes,10k,10820,offset_round_+100,clipper2,ok,8.27435,31,170,10864,25276866276,0,0,n/a
disc_with_holes,10k,10820,offset_round_+100,clipper1,ok,7.3408,31,170,10828,25276902883,1.44824e-06,0,n/a
disc_with_holes,10k,10820,offset_round_+100,boost,ok,62.0914,24,170,11504,25277046335,7.12345e-06,0,valid
disc_with_holes,10k,10820,offset_round_-100,clipper2,ok,2.72705,31,170,21636,23974346010,0,0,n/a
disc_with_holes,10k,10820,offset_round_-100,clipper1,ok,3.16014,31,170,21636,23974346010,0,0,n/a
disc_with_holes,10k,10820,offset_round_-100,boost,ok,11.8306,31,170,21636,23974067121,-1.16328e-05,0,valid
disc_with_holes,10k,10820,offset_round_+5000,clipper2,ok,77.5616,20,170,10872,44002358763,0,0,n/a
disc_with_holes,10k,10820,offset_round_+5000,clipper1,ok,70.519,22,170,10868,44002310312,-1.10109e-06,0,n/a
disc_with_holes,10k,10820,offset_round_+5000,boost,ok,799.437,5,170,10872,44002365409,1.51049e-07,0,valid
disc_with_holes,10k,10820,offset_round_-5000,clipper2,ok,2.43979,31,144,1728,145963696,0,0,n/a
disc_with_holes,10k,10820,offset_round_-5000,clipper1,ok,2.72003,31,144,1728,145981120,0.000119372,0,n/a
disc_with_holes,10k,10820,offset_round_-5000,boost,ok,15.693,31,144,1728,145786258,-0.00121563,0,valid
disc_with_holes,10k,10820,offset_square_+100,clipper2,ok,8.23395,31,170,10860,25276871314,0,0,n/a
disc_with_holes,10k,10820,offset_square_+100,clipper1,ok,7.29996,31,170,10824,25276907921,1.44824e-06,0,n/a
disc_with_holes,10k,10820,offset_square_+100,boost,unsupported,,,,,,,,
disc_with_holes,10k,10820,offset_square_-100,clipper2,ok,2.81245,31,170,21636,23974148772,0,0,n/a
disc_with_holes,10k,10820,offset_square_-100,clipper1,ok,3.40553,31,170,21636,23974148772,0,0,n/a
disc_with_holes,10k,10820,offset_square_-100,boost,unsupported,,,,,,,,
disc_with_holes,10k,10820,offset_square_+5000,clipper2,ok,77.6649,20,170,10824,44006867601,0,0,n/a
disc_with_holes,10k,10820,offset_square_+5000,clipper1,ok,69.8891,22,170,10824,44006848756,-4.28217e-07,0,n/a
disc_with_holes,10k,10820,offset_square_+5000,boost,unsupported,,,,,,,,
disc_with_holes,10k,10820,offset_square_-5000,clipper2,ok,2.64639,31,144,1728,144661068,0,0,n/a
disc_with_holes,10k,10820,offset_square_-5000,clipper1,ok,3.04014,31,144,1728,144715494,0.000376231,0,n/a
disc_with_holes,10k,10820,offset_square_-5000,boost,unsupported,,,,,,,,
circle_grid,10k,10368,intersection,clipper2,ok,8.33291,31,630,9375,102293989,0,0,n/a
circle_grid,10k,10368,intersection,clipper1,ok,7.06858,31,630,9371,102295729,1.70147e-05,0,n/a
circle_grid,10k,10368,intersection,boost,ok,18.395,31,630,9376,102296329,2.28801e-05,0,valid
circle_grid,10k,10368,union,clipper2,ok,8.67982,31,18,13873,889451122,0,0,n/a
circle_grid,10k,10368,union,clipper1,ok,7.82574,31,18,13870,889453601,2.78767e-06,0,n/a
circle_grid,10k,10368,union,boost,ok,10.2435,31,18,13874,889453015,2.12884e-06,0,valid
circle_grid,10k,10368,offset_miter_+100,clipper2,ok,1.36909,31,324,10368,648501552,0,0,n/a
circle_grid,10k,10368,offset_miter_+100,clipper1,ok,1.42221,31,324,10368,648501552,0,0,n/a
circle_grid,10k,10368,offset_miter_+100,boost,ok,9.12189,31,324,31104,648563510,9.55402e-05,0,valid
circle_grid,10k,10368,offset_miter_-100,clipper2,ok,8.64864,31,324,10368,363838105,0,0,n/a
circle_grid,10k,10368,offset_miter_-100,clipper1,ok,7.67587,31,324,10368,363587616,-0.000688463,0,n/a
circle_grid,10k,10368,offset_miter_-100,boost,ok,61.2436,25,324,10368,363478429,-0.000988561,0,valid
circle_grid,10k,10368,offset_miter_+5000,clipper2,ok,3.09764,31,1,168,2030017908,0,0,n/a
circle_grid,10k,10368,offset_miter_+5000,clipper1,ok,4.17039,31,1,168,2030085908,3.34972e-05,0,n/a
circle_grid,10k,10368,offset_miter_+5000,boost,ok,57.4603,27,1,504,2029949572,-3.36628e-05,0,valid
circle_grid,10k,10368,offset_miter_-5000,clipper2,ok,359.083,5,0,0,0,0,0,n/a
circle_grid,10k,10368,offset_miter_-5000,clipper1,ok,471.59,5,0,0,0,0,0,n/a
circle_grid,10k,10368,offset_miter_-5000,boost,ok,6109.07,1,0,0,0,0,0,valid
circle_grid,10k,10368,offset_round_+100,clipper2,ok,2.66575,31,324,20736,648282528,0,0,n/a
circle_grid,10k,10368,offset_round_+100,clipper1,ok,2.9456,31,324,20736,648282528,0,0,n/a
circle_grid,10k,10368,offset_round_+100,boost,ok,8.73174,31,324,20736,648467641,0.000285544,0,valid
circle_grid,10k,10368,offset_round_-100,clipper2,ok,8.64386,31,324,10368,363838105,0,0,n/a
circle_grid,10k,10368,offset_round_-100,clipper1,ok,7.65316,31,324,10368,363587616,-0.000688463,0,n/a
circle_grid,10k,10368,offset_round_-100,boost,ok,61.1218,25,324,10368,363478429,-0.000988561,0,valid
circle_grid,10k,10368,offset_round_+5000,clipper2,ok,7.97481,31,1,572,2028347180,0,0,n/a
circle_grid,10k,10368,offset_round_+5000,clipper1,ok,8.39388,31,1,500,2027714540,-0.000311899,0,n/a
circle_grid,10k,10368,offset_round_+5000,boost,ok,57.787,26,1,504,2028339166,-3.951e-06,0,valid
circle_grid,10k,10368,offset_round_-5000,clipper2,ok,354.715,5,0,0,0,0,0,n/a
circle_grid,10k,10368,offset_round_-5000,clipper1,ok,470.392,5,0,0,0,0,0,n/a
circle_grid,10k,10368,offset_round_-5000,boost,ok,5942.11,1,0,0,0,0,0,valid
circle_grid,10k,10368,offset_square_+100,clipper2,ok,2.58763,31,324,20736,648202824,0,0,n/a
circle_grid,10k,10368,offset_square_+100,clipper1,ok,3.06614,31,324,20736,648202824,0,0,n/a
circle_grid,10k,10368,offset_square_+100,boost,unsupported,,,,,,,,
circle_grid,10k,10368,offset_square_-100,clipper2,ok,8.62048,31,324,10368,363838105,0,0,n/a
circle_grid,10k,10368,offset_square_-100,clipper1,ok,7.75036,31,324,10368,363587616,-0.000688463,0,n/a
circle_grid,10k,10368,offset_square_-100,boost,unsupported,,,,,,,,
circle_grid,10k,10368,offset_square_+5000,clipper2,ok,4.86935,31,1,404,2029411966,0,0,n/a
circle_grid,10k,10368,offset_square_+5000,clipper1,ok,6.68547,31,1,404,2029411966,0,0,n/a
circle_grid,10k,10368,offset_square_+5000,boost,unsupported,,,,,,,,
circle_grid,10k,10368,offset_square_-5000,clipper2,ok,357.761,5,0,0,0,0,0,n/a
circle_grid,10k,10368,offset_square_-5000,clipper1,ok,473.616,5,0,0,0,0,0,n/a
circle_grid,10k,10368,offset_square_-5000,boost,unsupported,,,,,,,,
jitter_circle,10k,10000,intersection,clipper2,ok,2.033,31,1,9930,30968725881,0,0,n/a
jitter_circle,10k,10000,intersection,clipper1,ok,2.35024,31,1,9351,30968725897,5.1665e-10,0,n/a
jitter_circle,10k,10000,intersection,boost,ok,0.686264,31,1,9930,30968725897,5.1665e-10,0,valid
jitter_circle,10k,10000,union,clipper2,ok,2.01726,31,1,10073,31863129948,0,0,n/a
jitter_circle,10k,10000,union,clipper1,ok,2.3518,31,1,9489,31863129961,3.92303e-10,0,n/a
jitter_circle,10k,10000,union,boost,ok,0.680135,31,1,10073,31863129961,3.92303e-10,0,valid
jitter_circle,10k,10000,offset_miter_+100,clipper2,ok,6.31399,31,1,12035,31478767041,0,0,n/a
jitter_circle,10k,10000,offset_miter_+100,clipper1,ok,14.8382,31,1,10252,31478835943,2.18886e-06,0,n/a
jitter_circle,10k,10000,offset_miter_+100,boost,ok,25.9218,31,1,19290,31478351431,-1.32029e-05,0,valid
jitter_circle,10k,10000,offset_miter_-100,clipper2,ok,6.19984,31,1,9778,31353053091,0,0,n/a
jitter_circle,10k,10000,offset_miter_-100,clipper1,ok,26.5344,31,1,10219,31353086653,1.07045e-06,0,n/a
jitter_circle,10k,10000,offset_miter_-100,boost,ok,29.5881,31,1,19043,31352766101,-9.15348e-06,0,valid
jitter_circle,10k,10000,offset_miter_+5000,clipper2,ok,117.617,13,1,7220,34637062586,0,0,n/a
jitter_circle,10k,10000,offset_miter_+5000,clipper1,ok,89.5433,17,1,7076,34637181548,3.43454e-06,0,n/a
jitter_circle,10k,10000,offset_miter_+5000,boost,ok,0.793406,31,1,1509,34635864622,-3.45862e-05,0,valid
jitter_circle,10k,10000,offset_miter_-5000,clipper2,ok,115.816,13,1,6758,28351715732,0,0,n/a
jitter_circle,10k,10000,offset_miter_-5000,clipper1,ok,89.3802,17,1,6756,28351824108,3.82256e-06,0,n/a
jitter_circle,10k,10000,offset_miter_-5000,boost,ok,2.55272,31,1,511,28352677212,3.39126e-05,0,valid
jitter_circle,10k,10000,offset_round_+100,clipper2,ok,7.46865,31,1,16232,31478766816,0,0,n/a
jitter_circle,10k,10000,offset_round_+100,clipper1,ok,18.9064,31,1,14110,31478834312,2.14418e-06,0,n/a
jitter_circle,10k,10000,offset_round_+100,boost,ok,25.0623,31,1,15159,31478355663,-1.30613e-05,0,valid
jitter_circle,10k,10000,offset_round_-100,clipper2,ok,7.3457,31,1,13783,31353053374,0,0,n/a
jitter_circle,10k,10000,offset_round_-100,clipper1,ok,33.6372,31,1,13948,31353085811,1.03457e-06,0,n/a
jitter_circle,10k,10000,offset_round_-100,boost,ok,28.6092,31,1,14951,31352772099,-8.9712e-06,0,valid
jitter_circle,10k,10000,offset_round_+5000,clipper2,ok,141.68,11,1,9664,34635800175,0,0,n/a
jitter_circle,10k,10000,offset_round_+5000,clipper1,ok,110.7,14,1,9084,34635871310,2.0538e-06,0,n/a
jitter_circle,10k,10000,offset_round_+5000,boost,ok,0.786227,31,1,1006,34635870063,2.01781e-06,0,valid
jitter_circle,10k,10000,offset_round_-5000,clipper2,ok,138.807,11,1,8514,28352963400,0,0,n/a
jitter_circle,10k,10000,offset_round_-5000,clipper1,ok,110.662,14,1,8576,28353020057,1.99829e-06,0,n/a
jitter_circle,10k,10000,offset_round_-5000,boost,ok,2.55771,31,1,511,28352677212,-1.00937e-05,0,valid
jitter_circle,10k,10000,offset_square_+100,clipper2,ok,6.80505,31,1,13834,31478767658,0,0,n/a
jitter_circle,10k,10000,offset_square_+100,clipper1,ok,18.6317,31,1,14140,31478835415,2.15248e-06,0,n/a
jitter_circle,10k,10000,offset_square_+100,boost,unsupported,,,,,,,,
jitter_circle,10k,10000,offset_square_-100,clipper2,ok,6.68771,31,1,11535,31353055550,0,0,n/a
jitter_circle,10k,10000,offset_square_-100,clipper1,ok,33.7033,31,1,13983,31353086252,9.79235e-07,0,n/a
jitter_circle,10k,10000,offset_square_-100,boost,unsupported,,,,,,,,
jitter_circle,10k,10000,offset_square_+5000,clipper2,ok,126.698,12,1,7971,34636658268,0,0,n/a
jitter_circle,10k,10000,offset_square_+5000,clipper1,ok,107.315,14,1,9049,34636699928,1.20279e-06,0,n/a
jitter_circle,10k,10000,offset_square_+5000,boost,unsupported,,,,,,,,
jitter_circle,10k,10000,offset_square_-5000,clipper2,ok,126.828,12,1,7379,28352178214,0,0,n/a
jitter_circle,10k,10000,offset_square_-5000,clipper1,ok,105.908,15,1,8489,28352282366,3.67351e-06,0,n/a
jitter_circle,10k,10000,offset_square_-5000,boost,unsupported,,,,,,,,
squares_coincident,10k,10000,intersection,clipper2,ok,6.03585,31,2500,10000,1250000000,0,0,n/a
squares_coincident,10k,10000,intersection,clipper1,ok,5.4181,31,2500,10000,1250000000,0,0,n/a
squares_coincident,10k,10000,intersection,boost,ok,1711.87,5,2500,10000,1250000000,0,0,valid
squares_coincident,10k,10000,union,clipper2,ok,5.96728,31,2500,15000,3750000000,0,0,n/a
squares_coincident,10k,10000,union,clipper1,ok,9.67237,31,2500,10000,3750000000,0,0,n/a
squares_coincident,10k,10000,union,boost,ok,1692.9,5,2500,12500,3750000000,0,0,valid
squares_coincident,10k,10000,offset_miter_+100,clipper2,ok,4.11162,31,2500,20000,3582595000,0,0,n/a
squares_coincident,10k,10000,offset_miter_+100,clipper1,ok,2.99492,31,2500,10000,3600000000,0.00485821,0,n/a
squares_coincident,10k,10000,offset_miter_+100,boost,ok,11.535,31,2500,30000,3584490000,0.000528946,0,valid
squares_coincident,10k,10000,offset_miter_-100,clipper2,ok,8.22849,31,2500,10000,1600000000,0,0,n/a
squares_coincident,10k,10000,offset_miter_-100,clipper1,ok,6.79568,31,2500,10000,1600000000,0,0,n/a
squares_coincident,10k,10000,offset_miter_-100,boost,ok,564.732,5,2500,10000,1600000000,0,0,valid
squares_coincident,10k,10000,offset_miter_+5000,clipper2,ok,15.6988,31,1,8,11863841918,0,0,n/a
squares_coincident,10k,10000,offset_miter_+5000,clipper1,ok,8.67625,31,1,4,11881000000,0.00144625,0,n/a
squares_coincident,10k,10000,offset_miter_+5000,boost,ok,406.364,5,1,600,11857118000,-0.000566757,0,valid
squares_coincident,10k,10000,offset_miter_-5000,clipper2,ok,33.9284,31,0,0,0,0,0,n/a
squares_coincident,10k,10000,offset_miter_-5000,clipper1,ok,18.6754,31,0,0,0,0,0,n/a
squares_coincident,10k,10000,offset_miter_-5000,boost,ok,1508.84,5,0,0,0,0,0,valid
squares_coincident,10k,10000,offset_round_+100,clipper2,ok,5.71791,31,2500,30000,3570000000,0,0,n/a
squares_coincident,10k,10000,offset_round_+100,clipper1,ok,6.38141,31,2500,30000,3570000000,0,0,n/a
squares_coincident,10k,10000,offset_round_+100,boost,ok,11.9657,31,2500,30000,3570490000,0.000137255,0,valid
squares_coincident,10k,10000,offset_round_-100,clipper2,ok,8.31545,31,2500,10000,1600000000,0,0,n/a
squares_coincident,10k,10000,offset_round_-100,clipper1,ok,6.81999,31,2500,10000,1600000000,0,0,n/a
squares_coincident,10k,10000,offset_round_-100,boost,ok,573.165,5,2500,10000,1600000000,0,0,valid
squares_coincident,10k,10000,offset_round_+5000,clipper2,ok,67.8594,23,1,840,11856617255,0,0,n/a
squares_coincident,10k,10000,offset_round_+5000,clipper1,ok,66.025,23,1,640,11855677474,-7.92622e-05,0,n/a
squares_coincident,10k,10000,offset_round_+5000,boost,ok,607.8,5,1,644,11856292374,-2.74008e-05,0,valid
squares_coincident,10k,10000,offset_round_-5000,clipper2,ok,33.7686,31,0,0,0,0,0,n/a
squares_coincident,10k,10000,offset_round_-5000,clipper1,ok,18.7324,31,0,0,0,0,0,n/a
squares_coincident,10k,10000,offset_round_-5000,boost,ok,1505.32,5,0,0,0,0,0,valid
squares_coincident,10k,10000,offset_square_+100,clipper2,ok,4.11993,31,2500,20000,3582595000,0,0,n/a
squares_coincident,10k,10000,offset_square_+100,clipper1,ok,4.74036,31,2500,20000,3582595000,0,0,n/a
squares_coincident,10k,10000,offset_square_+100,boost,unsupported,,,,,,,,
squares_coincident,10k,10000,offset_square_-100,clipper2,ok,8.26206,31,2500,10000,1600000000,0,0,n/a
squares_coincident,10k,10000,offset_square_-100,clipper1,ok,6.78807,31,2500,10000,1600000000,0,0,n/a
squares_coincident,10k,10000,offset_square_-100,boost,unsupported,,,,,,,,
squares_coincident,10k,10000,offset_square_+5000,clipper2,ok,15.5252,31,1,8,11863841918,0,0,n/a
squares_coincident,10k,10000,offset_square_+5000,clipper1,ok,20.4316,31,1,8,11863841918,0,0,n/a
squares_coincident,10k,10000,offset_square_+5000,boost,unsupported,,,,,,,,
squares_coincident,10k,10000,offset_square_-5000,clipper2,ok,33.9101,31,0,0,0,0,0,n/a
squares_coincident,10k,10000,offset_square_-5000,clipper1,ok,18.7244,31,0,0,0,0,0,n/a
squares_coincident,10k,10000,offset_square_-5000,boost,unsupported,,,,,,,,
squares_touching,10k,10000,intersection,clipper2,ok,3.62557,31,0,0,0,0,0,n/a
squares_touching,10k,10000,intersection,clipper1,ok,6.7856,31,0,0,0,0,0,n/a
squares_touching,10k,10000,intersection,boost,ok,24.6768,31,0,0,0,0,0,valid
squares_touching,10k,10000,union,clipper2,ok,11.6195,31,50,10100,5000000000,0,0,n/a
squares_touching,10k,10000,union,clipper1,ok,10.0969,31,50,200,5000000000,0,0,n/a
squares_touching,10k,10000,union,boost,ok,42.4492,31,50,250,5000000000,0,0,valid
squares_touching,10k,10000,offset_miter_+100,clipper2,ok,4.12139,31,2500,20000,3582595000,0,0,n/a
squares_touching,10k,10000,offset_miter_+100,clipper1,ok,3.01786,31,2500,10000,3600000000,0.00485821,0,n/a
squares_touching,10k,10000,offset_miter_+100,boost,ok,11.5451,31,2500,30000,3584490000,0.000528946,0,valid
squares_touching,10k,10000,offset_miter_-100,clipper2,ok,8.29878,31,2500,10000,1600000000,0,0,n/a
squares_touching,10k,10000,offset_miter_-100,clipper1,ok,6.78723,31,2500,10000,1600000000,0,0,n/a
squares_touching,10k,10000,offset_miter_-100,boost,ok,565.429,5,2500,10000,1600000000,0,0,valid
squares_touching,10k,10000,offset_miter_+5000,clipper2,ok,15.5038,31,1,8,11863841918,0,0,n/a
squares_touching,10k,10000,offset_miter_+5000,clipper1,ok,8.61532,31,1,4,11881000000,0.00144625,0,n/a
squares_touching,10k,10000,offset_miter_+5000,boost,ok,409.33,5,1,600,11857118000,-0.000566757,0,valid
squares_touching,10k,10000,offset_miter_-5000,clipper2,ok,33.7147,31,0,0,0,0,0,n/a
squares_touching,10k,10000,offset_miter_-5000,clipper1,ok,18.5493,31,0,0,0,0,0,n/a
squares_touching,10k,10000,offset_miter_-5000,boost,ok,1508.71,5,0,0,0,0,0,valid
squares_touching,10k,10000,offset_round_+100,clipper2,ok,5.72359,31,2500,30000,3570000000,0,0,n/a
squares_touching,10k,10000,offset_round_+100,clipper1,ok,6.39416,31,2500,30000,3570000000,0,0,n/a
squares_touching,10k,10000,offset_round_+100,boost,ok,11.905,31,2500,30000,3570490000,0.000137255,0,valid
squares_touching,10k,10000,offset_round_-100,clipper2,ok,8.29468,31,2500,10000,1600000000,0,0,n/a
squares_touching,10k,10000,offset_round_-100,clipper1,ok,6.84762,31,2500,10000,1600000000,0,0,n/a
squares_touching,10k,10000,offset_round_-100,boost,ok,567.508,5,2500,10000,1600000000,0,0,valid
squares_touching,10k,10000,offset_round_+5000,clipper2,ok,67.7208,23,1,840,11856617255,0,0,n/a
squares_touching,10k,10000,offset_round_+5000,clipper1,ok,66.7189,23,1,640,11855677474,-7.92622e-05,0,n/a
squares_touching,10k,10000,offset_round_+5000,boost,ok,606.635,5,1,644,11856292374,-2.74008e-05,0,valid
squares_touching,10k,10000,offset_round_-5000,clipper2,ok,33.8783,31,0,0,0,0,0,n/a
squares_touching,10k,10000,offset_round_-5000,clipper1,ok,18.6703,31,0,0,0,0,0,n/a
squares_touching,10k,10000,offset_round_-5000,boost,ok,1505.9,5,0,0,0,0,0,valid
squares_touching,10k,10000,offset_square_+100,clipper2,ok,4.13958,31,2500,20000,3582595000,0,0,n/a
squares_touching,10k,10000,offset_square_+100,clipper1,ok,4.77884,31,2500,20000,3582595000,0,0,n/a
squares_touching,10k,10000,offset_square_+100,boost,unsupported,,,,,,,,
squares_touching,10k,10000,offset_square_-100,clipper2,ok,8.28779,31,2500,10000,1600000000,0,0,n/a
squares_touching,10k,10000,offset_square_-100,clipper1,ok,6.78815,31,2500,10000,1600000000,0,0,n/a
squares_touching,10k,10000,offset_square_-100,boost,unsupported,,,,,,,,
squares_touching,10k,10000,offset_square_+5000,clipper2,ok,15.622,31,1,8,11863841918,0,0,n/a
squares_touching,10k,10000,offset_square_+5000,clipper1,ok,20.4356,31,1,8,11863841918,0,0,n/a
squares_touching,10k,10000,offset_square_+5000,boost,unsupported,,,,,,,,
squares_touching,10k,10000,offset_square_-5000,clipper2,ok,33.834,31,0,0,0,0,0,n/a
squares_touching,10k,10000,offset_square_-5000,clipper1,ok,18.702,31,0,0,0,0,0,n/a
squares_touching,10k,10000,offset_square_-5000,boost,unsupported,,,,,,,,
self_intersecting,10k,10000,intersection,clipper2,ok,2.81959,31,1,3333,21779441524,0,0,n/a
self_intersecting,10k,10000,intersection,clipper1,ok,2.79692,31,1,2878,21779442628,5.0667e-08,0,n/a
self_intersecting,10k,10000,intersection,boost,ok,1.13489,31,1,3334,3683260598,-0.830884,0,valid
self_intersecting,10k,10000,union,clipper2,ok,2.80943,31,1,3375,23542650055,0,0,n/a
self_intersecting,10k,10000,union,clipper1,ok,2.78839,31,1,2928,23542650370,1.338e-08,0,n/a
self_intersecting,10k,10000,union,boost,ok,0.964904,31,1,3375,23542650378,1.37198e-08,0,valid
self_intersecting,10k,10000,offset_miter_+100,clipper2,ok,2.93512,31,1,2993,22719492030,0,0,n/a
self_intersecting,10k,10000,offset_miter_+100,clipper1,ok,2.01044,31,1,2979,22719495803,1.66047e-07,0,n/a
self_intersecting,10k,10000,offset_miter_+100,boost,ok,13.8355,31,1,4765,22719134364,-1.57427e-05,0,valid
self_intersecting,10k,10000,offset_miter_-100,clipper2,ok,6.35657,31,91,3448,22602586739,0,0,n/a
self_intersecting,10k,10000,offset_miter_-100,clipper1,ok,5.88464,31,758,5185,22602586547,-8.47248e-09,667,n/a
self_intersecting,10k,10000,offset_miter_-100,boost,ok,71.2031,22,1,4359,3923549851,-0.826411,-90,valid
self_intersecting,10k,10000,offset_miter_+5000,clipper2,ok,23.4202,31,1,3101,25641018771,0,0,n/a
self_intersecting,10k,10000,offset_miter_+5000,clipper1,ok,19.1365,31,1,3047,25641025919,2.78753e-07,0,n/a
self_intersecting,10k,10000,offset_miter_+5000,boost,ok,3.38827,31,1,2002,25639847848,-4.5666e-05,0,valid
self_intersecting,10k,10000,offset_miter_-5000,clipper2,ok,85.3701,18,3967,20672,19641124133,0,0,n/a
self_intersecting,10k,10000,offset_miter_-5000,clipper1,ok,84.5384,18,3999,20199,19641179168,2.802e-06,32,n/a
self_intersecting,10k,10000,offset_miter_-5000,boost,ok,13.7066,31,1,688,2550310896,-0.870155,-3966,valid
self_intersecting,10k,10000,offset_round_+100,clipper2,ok,3.68226,31,1,4437,22719491388,0,0,n/a
self_intersecting,10k,10000,offset_round_+100,clipper1,ok,2.38445,31,1,3940,22719493961,1.13229e-07,0,n/a
self_intersecting,10k,10000,offset_round_+100,boost,ok,12.7931,31,1,4241,22719134583,-1.57048e-05,0,valid
self_intersecting,10k,10000,offset_round_-100,clipper2,ok,6.63546,31,91,3510,22602586937,0,0,n/a
self_intersecting,10k,10000,offset_round_-100,clipper1,ok,5.99032,31,758,5185,22602586547,-1.72325e-08,667,n/a
self_intersecting,10k,10000,offset_round_-100,boost,ok,70.9243,22,1,3748,3923550144,-0.826411,-90,valid
self_intersecting,10k,10000,offset_round_+5000,clipper2,ok,28.6314,31,1,4985,25641006596,0,0,n/a
self_intersecting,10k,10000,offset_round_+5000,clipper1,ok,22.6498,31,1,4924,25641012291,2.22105e-07,0,n/a
self_intersecting,10k,10000,offset_round_+5000,boost,ok,3.36098,31,1,1338,25639845628,-4.52778e-05,0,valid
self_intersecting,10k,10000,offset_round_-5000,clipper2,ok,91.9917,17,3967,20885,19641107349,0,0,n/a
self_intersecting,10k,10000,offset_round_-5000,clipper1,ok,89.4474,17,3999,20440,19641181245,3.76231e-06,32,n/a
self_intersecting,10k,10000,offset_round_-5000,boost,ok,13.7034,31,1,470,2550376410,-0.870151,-3966,valid
self_intersecting,10k,10000,offset_square_+100,clipper2,ok,2.93104,31,1,2993,22719492030,0,0,n/a
self_intersecting,10k,10000,offset_square_+100,clipper1,ok,2.37704,31,1,3690,22719493299,5.58551e-08,0,n/a
self_intersecting,10k,10000,offset_square_+100,boost,unsupported,,,,,,,,
self_intersecting,10k,10000,offset_square_-100,clipper2,ok,6.36878,31,91,3448,22602586739,0,0,n/a
self_intersecting,10k,10000,offset_square_-100,clipper1,ok,5.98474,31,758,5185,22602586547,-8.47248e-09,667,n/a
self_intersecting,10k,10000,offset_square_-100,boost,unsupported,,,,,,,,
self_intersecting,10k,10000,offset_square_+5000,clipper2,ok,23.4069,31,1,3101,25641018771,0,0,n/a
self_intersecting,10k,10000,offset_square_+5000,clipper1,ok,23.8961,31,1,5387,25641023490,1.84041e-07,0,n/a
self_intersecting,10k,10000,offset_square_+5000,boost,unsupported,,,,,,,,
self_intersecting,10k,10000,offset_square_-5000,clipper2,ok,85.4931,18,3967,20672,19641124133,0,0,n/a
self_intersecting,10k,10000,offset_square_-5000,clipper1,ok,90.8321,17,3999,20445,19641176576,2.67004e-06,32,n/a
self_intersecting,10k,10000,offset_square_-5000,boost,unsupported,,,,,,,,
ellipse,100k,100000,intersection,clipper2,ok,15.8102,31,1,93708,19348746608,0,0,n/a
ellipse,100k,100000,intersection,clipper1,ok,18.569,31,1,71909,19348746607,-5.16829e-11,0,n/a
ellipse,100k,100000,intersection,boost,ok,5.31496,31,1,93705,19348746607,-5.16829e-11,0,valid
ellipse,100k,100000,union,clipper2,ok,16.2421,31,1,106294,24633548581,0,0,n/a
ellipse,100k,100000,union,clipper1,ok,21.1931,31,1,81629,24633548583,6.08926e-11,0,n/a
ellipse,100k,100000,union,boost,ok,5.45167,31,1,106294,24633548583,6.08926e-11,0,valid
ellipse,100k,100000,offset_miter_+100,clipper2,ok,89.2632,17,1,67575,22045118316,0,0,n/a
ellipse,100k,100000,offset_miter_+100,clipper1,ok,187.757,8,1,61968,22045162836,2.01949e-06,0,n/a
ellipse,100k,100000,offset_miter_+100,boost,ok,47740.7,1,356,2322,409325,-0.999981,355,INVALID: Geometry has invalid self-intersections. A self-intersection point was found at (-79961; -42131); method: i; operations: u/i; segment IDs {source; multi; ring; segment}: {0; 24; -1; 1}/{0; 25; -1; 6}
ellipse,100k,100000,offset_miter_-100,clipper2,ok,86.0802,18,1,63952,21937155315,0,0,n/a
ellipse,100k,100000,offset_miter_-100,clipper1,ok,259.133,6,1,62021,21937196962,1.89847e-06,0,n/a
ellipse,100k,100000,offset_miter_-100,boost,ok,30873,1,46,368,56580,-0.999997,45,valid
ellipse,100k,100000,offset_miter_+5000,clipper2,ok,7228.25,1,1,25985,24773596318,0,0,n/a
ellipse,100k,100000,offset_miter_+5000,clipper1,ok,5961.7,1,1,25926,24773718176,4.91885e-06,0,n/a
ellipse,100k,100000,offset_miter_+5000,boost,ok,5.2115,31,1,1494,24760157243,-0.000542476,0,valid
ellipse,100k,100000,offset_miter_-5000,clipper2,ok,6840.32,1,1,21676,19366317277,0,0,n/a
ellipse,100k,100000,offset_miter_-5000,clipper1,ok,5812.3,1,1,21848,19366406591,4.61182e-06,0,n/a
ellipse,100k,100000,offset_miter_-5000,boost,ok,18.2656,31,1,523,19377826997,0.000594316,0,valid
ellipse,100k,100000,offset_round_+100,clipper2,ok,98.4604,16,1,60781,22045015563,0,0,n/a
ellipse,100k,100000,offset_round_+100,clipper1,ok,366.135,5,1,57222,22045044865,1.32921e-06,0,n/a
ellipse,100k,100000,offset_round_+100,boost,ok,38107.2,1,20,158,21509,-0.999999,19,valid
ellipse,100k,100000,offset_round_-100,clipper2,ok,95.8095,16,1,58264,21937304942,0,0,n/a
ellipse,100k,100000,offset_round_-100,clipper1,ok,500.704,5,1,57760,21937317300,5.6331e-07,0,n/a
ellipse,100k,100000,offset_round_-100,boost,ok,35702.8,1,186,1138,173482,-0.999992,185,INVALID: Geometry has invalid self-intersections. A self-intersection point was found at (-80289; -41593); method: i; operations: u/i; segment IDs {source; multi; ring; segment}: {0; 26; -1; 4}/{0; 28; -1; 1}
ellipse,100k,100000,offset_round_+5000,clipper2,ok,9108.35,1,1,43197,24759753865,0,0,n/a
ellipse,100k,100000,offset_round_+5000,clipper1,ok,10503.6,1,1,37815,24759369822,-1.55108e-05,0,n/a
ellipse,100k,100000,offset_round_+5000,boost,ok,5.1977,31,1,996,24760161752,1.64738e-05,0,valid
ellipse,100k,100000,offset_round_-5000,clipper2,ok,8472.26,1,1,37811,19379291107,0,0,n/a
ellipse,100k,100000,offset_round_-5000,clipper1,ok,10050,1,1,35648,19379731281,2.27137e-05,0,n/a
ellipse,100k,100000,offset_round_-5000,boost,ok,18.2596,31,1,523,19377826997,-7.55502e-05,0,valid
ellipse,100k,100000,offset_square_+100,clipper2,ok,112.187,14,1,79316,22045090446,0,0,n/a
ellipse,100k,100000,offset_square_+100,clipper1,ok,276.414,6,1,71571,22045121756,1.42027e-06,0,n/a
ellipse,100k,100000,offset_square_+100,boost,unsupported,,,,,,,,
ellipse,100k,100000,offset_square_-100,clipper2,ok,94.7474,16,1,72851,21937221158,0,0,n/a
ellipse,100k,100000,offset_square_-100,clipper1,ok,311.13,5,1,72418,21937239824,8.50905e-07,0,n/a
ellipse,100k,100000,offset_square_-100,boost,unsupported,,,,,,,,
ellipse,100k,100000,offset_square_+5000,clipper2,ok,7905.84,1,1,26785,24763426388,0,0,n/a
ellipse,100k,100000,offset_square_+5000,clipper1,ok,8261.63,1,1,26328,24763499030,2.93346e-06,0,n/a
ellipse,100k,100000,offset_square_+5000,boost,unsupported,,,,,,,,
ellipse,100k,100000,offset_square_-5000,clipper2,ok,7573.56,1,1,23692,19376023078,0,0,n/a
ellipse,100k,100000,offset_square_-5000,clipper1,ok,7889.24,1,1,23651,19376099528,3.94557e-06,0,n/a
ellipse,100k,100000,offset_square_-5000,boost,unsupported,,,,,,,,
star,100k,100000,intersection,clipper2,ok,393988,1,1723977,7259785,15675615381,0,0,n/a
star,100k,100000,intersection,clipper1,ok,182731,1,1797564,7435978,15665448847,-0.000648557,73587,n/a
star,100k,100000,intersection,boost,skipped_too_slow,,,,,,,,
star,100k,100000,union,clipper2,ok,396417,1,1715974,7177197,22018597217,0,0,n/a
